rating,date,review
4점,6일 전,"그 유명한 명동 교자 본점입니다.

롱런하는이유는 사람이 많아져도 맛의 퀄리티가 떨어지지 않기 때문인 것 같네요.
대기부터 결제, 주문 및 식사까지 모두 많은 손님을 받기에 최적화되어있습니다.

줄이 길지만 시스템이 잘되어있어 금방 빠집니다. 다닥다닥 붙어있어 오래있고 싶지 않은 환경입니다.

물론 맛은 뛰어납니다. 칼국수에서 이런 맛을 어떻게 내는건지 정말 궁금하네요. 알아내서 매일 만들어주는 사람이 있으면 좋겠습니다."
5점,2024년 8월 16일,"정말 오랜만에 명동을 방문했어요
명동교자 안가볼수 없죠 역시나 사람이 많더라구요
하지만 알마나 체계적인지 대기 순서 착착 안내해주셔
3층으로 갔습니다 3층에서 안내해주시는 매니저님 여자분이였는데 대기중 음식에 대한 설명도 자세히 해 주시고 정말 맛있을거다 자부심이 뿜뿜 있으시더라구요
시람 많고 바쁘고 힘들어서 말을 아끼실 법도 한데
친절 안내에 정말 멋지다고 생각했습니다
살명과 같이 콩국수 칼국수 만두 모두 정말 맛있었어요"
5점,1월 7일,"미슐랭에 여러번 선정된 유명한 식당입니다
그만큼 기다리는 사람들이 엄청 많지만, 
회전율이 빨라서 거의 바로 들어갔던거 같아요

칼국수는 담백하고 고소한 맛이었고, 만두도 정말 맛있었습니다!"
5점,2024년 11월 21일,예전에 정말 맛있게 먹었고  자주 다녔었는데~결혼 이후로 갈 기회가 없었다가 오늘 30년 만에 먹어보았네요. 여전히 맛있고 새록새록 추억이 떠오르네요. 이제 종종 가서 먹어야겠어요~~
5점,2024년 7월 15일,"제가 좋아하는 TOP3 칼국수 중 하나.
너무 유명해서 설명도 필요없는 곳.
부들부들 면에 만두 속 으깨넣은 것 같은 국물
호로록 먹다가 촉촉 육.채즙 가득한 만두랑
마늘듬뿍 김치 먹으면 완벽 그 자체…!
명동 근처 가면 무조건 먹고와요 배불러도^^"
3점,2024년 6월 9일,"친구들이 명동왔으면 명동교자먹자고해서 첨가봤는데 외국인이 정말정말많더라구요...비빔국수랑 만두 먹었는데 비빔국수랑 김치에 마늘을 얼마나 많이넣은건지 고통스러웠음ㅠㅠ 먹는내내 이걸 외국인들이 먹는다고?! 이러면서 먹음...맛은있었는데...먹느라 너무힘들었어요...비빔국수에 삶은계란이라도 넣어주시지
만두는 진짜 맛있더라구요 만두짱~만두만 먹으러 또오고싶음"
4점,2024년 12월 31일,"긴줄이였지만 회전은 빨랐어요
음식은 맛있는데 바쁘신건 알지만 외국인들이 많은데
마음이 좀 불편하지않게 친절히 대 해주시면 좋을거같다는 생각이 들었습니다."
5점,2024년 4월 30일,"다코 &quot;명동&quot; 검색하면 1위로 뜨는 &quot;명동교자&quot;
방문했어요

줄이 깁니다
줄이 생각보다 많이 길었어요

테이블 회전이 빨라서 그런지
금방 들어갔고

안에도 사람들이 줄 서 있었습니다

주로 칼국수나 만두를 주문한 걸 확인하고

만두를 주문했습니다

나온 만두 맛은
손만두 느낌이었어요

얇은 피에 안에 소가 들어있었고

한입에 먹기는 약간 커서 반 잘라먹었습니다

왜 인기가 많은지 알 것 같더라고요

부담 가는 맛이 아니었고

생각나는 맛이에요"
5점,2024년 9월 24일,"믿고 먹는 명동교자 !
사람이 많아서 만두 포장 주문했는데 주문한지 5분만에 받아볼 수 있었어요
만두 안에 육즙도 미쳤고 만두가 궁금한 분들은 포장 해서 드셔봐도 좋을 것 같아요 ㅎㅎ"
5점,2024년 9월 14일,명동맛집 대표주자. 모처럼 시내나와서  다른 음식 먹으려 해봐도 딱히 안떠오를 때 만만한 명동칼국수. 오늘은 추석연휴 첫날이라 2시가 넘었는데도 건물바깥까지 줄이 길다. 맛있게 잘 먹었다.
3점,2024년 4월 7일,오랜만에 먹었는데 예전만큼 육수가 진한 느낌이 아니었고.. 비빔국수는 마늘이 너무 많이 들어있어서 맵고 자극적이에요.. 김치도 마늘이 너무 많이 들어있어서 알싸한 정도고.. 역시나 갈 때 마다 사람이 많아서 시장통에서 먹는 느낌.. 분위기 중요시 하시는 분들한테는 비추에요.
4점,2024년 4월 6일,늦은 점심시간이었는데 사람이 엄청 많았어요. 인원수에 따라 층이 달라서 빨리 들어갈수 잇긴햇습니다. 칼국수랑 비빔국수 만두 모두 맛있었는데 김치가 너무 마늘맛 많이 나고 맛없었어요. 그리고 저희 테이블은 아니었지만 다먹은테이블 보이면 가서 사람 나가지도 않았는데 치워버리시더라구요.
5점,2024년 10월 3일,명동을 간다면 꼭 한번 먹어봐야하는 집.. 언제 먹어도 변함없이 맛있는 칼국수.. 어디에서도 맛볼수없는 맛의 칼국수.비빔국수도 한번 먹어볼만은 하다.변치않은맛도 좋다
4점,2024년 3월 6일,"맛있는데 손님이 항상 많아 서비스가 아쉬운 집입니다.. 그리고 물에서 수돗물 맛? 스뎅 맛 나요ㅠㅠ

칼국수와 만두는 여전히 맛있으나 시끌벅적한 분위기와 불친절과 보통을 왔다갔다하는 서비스로 자주 찾게되는 집은 아닙니다.

🍴칼국수 : 진한 고기국물이 조금 느끼할 수 있어 김치 필수! 먹고나면 입에서 마늘냄새 대박이에요..🤐
🍴만두 : 육즙 팡팡 터져서 조심히 드셔야돼요!"
5점,1월 1일,"신정 1/1 일날 방문했는데 1시간 넘게 기다린거 같아요. 
맛있긴 한데 대기가 너무 길어요ㅠ"
5점,1월 2일,명동교자가 단독건물로 오픈했어요. 오픈 초기라 그런지 넘 정신없는데 맛은 역시나 좋아요.
5점,2024년 10월 5일,"요즘은 외국인들도 많이 방문하는 덕분인지
더욱 시끌벅적하고 웨이팅 시간도 늘었어요
칼국수. 만두 맛있는데 김치는 마늘 아린맛이 좀 심해요"
5점,2024년 8월 17일,"맛잇고 빠르고 깔끔하고 김치가 맛있습니다 

미쉐린 받으려면 이정도 해맛잇고 빠르고 깔끔하고 김치가 맛있습니다 

매년 오는것 같습니다 ㅎ 특히 명동 갈일 있을때"
4점,2024년 1월 31일,맛집이라 그런지 밖에서 부터 줄서서 들어갔어요! 그래도 줄 관리하시는 분 주문 받으시는 분 딱딱 역할이 나뉘어져있어서 빠르게 들어갈 수 있었어요! 저는 칼국수보다 만두가 더 맛있게 느껴졌습니다😋가격이 오른거 같아 조금 비싸다고 느껴지기는 했지만..🥲칼국수가 만천원이라니..!
5점,2024년 1월 22일,오랫만에 명동교자에 가서 칼국수를 먹었는데 넘 맛있었어요. 매장이 넓어서 기다림없이 바로 먹을수있었고 주문하자마자 로봇이 테이블로 배달을 하면 직원분이 셋팅해주셨어요. 칼국수양이 많아서 배불렀지만  앙증맞은 밥한공기를 무료로 주문해서 먹었어요.다음에 명동가면 당연히 또 방문할게요.
3점,2024년 11월 29일,"제일 좋아하는 칼국수집
만두피가 살짝 덜 익은 맛이 났어요
그래도 면사리 공기밥 추가하고 ㅋ"
5점,1월 3일,"사람이 많을 수 밖에 없는 맛입니다.
재방문을 자주하게 되는 곳입니다."
5점,2024년 12월 16일,명동에 유명한 명동교자! 만두가 진짜 맛있는것같아요!!ㅜ 외국인도 엄청 많았어요
4점,2024년 4월 27일,"말이 필요 없는 오래된 칼국수 맛집이예요!
명동 나들이 할 때 생각나는 식당이예요!
칼국수  개운하고 목넘김이 좋아요! 만두도 곁들여 
먹으면 좋아요!
많이 붐비니까  시간대 잘 조정해 가야 덜 기다려요!"
5점,2024년 2월 9일,"명성이 큰 만큼 기대치를 충족하지 못할 것이란 우려와 다르게
오히려 기대치를 뛰어넘는 맛을 보여줬다.

만두도 맛있지만 정말 국물이 예술.. 
깊고 깔끔하고 정말 직관적으로 맛있다

김치는 살짝 짜고 마늘맛이 강하다. 만두나 국수와 먹으면 낫배드"
4점,2023년 12월 29일,"오랜만에 방문한 명동교자.
명동의 오랜 명물 답게 본점 뿐만아니라 2호점도 식사 시간대에는 줄을 서서 먹어야 한다.
회전률이 빠른게 장점이고 눈치 안 보고 혼밥도 가능하다.
선불결제이며 부탁드리면 밥과 면사리도 추가 가능하지만 직원분들이 항상 바쁘시기 때문에 말씀드리기 수월하진 않다.
짭짤한 국물이라 싱겁게 드시는 분들이라면 물 조금 부어드시는거 추천!"
5점,2023년 12월 18일,"맛 - 10년전이랑 똑같은맛. 더 깊은맛 나는 듯한 느낌 정말 맛있어요
가격- 가격은 올랐지만 요즘 칼국수집들일아 비슷하고 돈이 안아까움
서비스- 직원들끼리 커뮤니케이션 정말 잘됨 
사람이 엄청 많은데도 주문한거 까먹지않고 다 갖다주시고 주방장님도 나와서 고객테이블 하나하나 다 챙겨주심 ㅠㅠ 짱맛있어요!"
5점,2023년 12월 17일,명동에서 너무나도 유명한 명동교자집을 다녀왔습니다! 칼국수가 생각보다 가성비가 좋아서 기억에 남는 집입니다! 이 가격치고 양이 부족하거나 맛이 없진 않을까 걱정했는데 괜한 걱정이었습니다. 국물도 깊고 맛있고 사리나 밥까지도 무료로 추가 가능해서 배부르게 먹을 수 있습니다. 칼국수 먹을 때 가장 중요한 김치도 맛있었어요! 비빔국수도 양념이 맛있었습니다~달달 살짝 매콤한 양념인데 호로록 잘 먹을 수 있었어요! 면이 특이하게 초록색이었는데 먹으면서 건강한 느낌이 괜히 들어서 더 뿌듯하고 좋았습니다! 음식도 빨리 나오는 편이어서 좋았어요!
4점,2024년 11월 26일,콩국수가 의외로 맛있네요. 간은 적당히 짭잘하고 견과류가 들어간 고소한 밋이에요.
5점,2024년 11월 4일,줄이 엄청 길었던 유명한 맛집 음식이 깔끔하니 다 맛있어요 가게가 바빠서 친절하지는 않은 편
5점,2024년 3월 23일,20대 초반에 자주갔다가 30이되어 가보니 미슐랭까지 등록된 유명한 맛집으로 되어있더군요ㅎㅎ 정말 맛있습니다 오랜만에 먹으니 남김없이 다먹었네요ㅠㅠ 미슐랭 전에도 유명했지만 진짜 너무맛있습니다! 꼭 한번 가보세요!
5점,2024년 12월 21일,오랜만에 방문 했는데 엄청 친절하셨어요. 맛있게 잘 먹고 왓습니다
5점,2024년 10월 1일,명동하면 교자 처음갔는데 사람대빵많음 비빔국수 진미채맛남ㅋㅋㅋㅋㅋ 만두진짜맛있음 친구왈 칼국수가진짜맛잇다고함
5점,2024년 2월 6일,"학생때 이후 너무나도 오랫만에 방문한 명도교자 
오랜전통 그대로 변함없어서 너무 조아요!!
진한 고기육수, 호롭 부드러운 면발 , 가끔씩 생각나는 마늘김치 까지
학생때 명동가면 꼭 먹었던 칼국수 맛집
변함없어서 추억이 새록해 지네요!!"
5점,2024년 10월 23일,"오래된 맛집, 여전히 이 맛의 칼국수는 다른곳에서 찾긴 힘들어서 가끔 생각나는 맛"
5점,2024년 9월 10일,"처음 먹어봤는데 유명한 맛집 답게 맛있었어요 
평일에 방문해서 웨이팅은 없었는데 관광객 손님들이 많았어요"
5점,2024년 7월 27일,저녁시간 웨이팅 금방 빠져서 5분 기다리다 들어갔습니다. 만두 너무 맛있고 국수도 맛있어요. 김치 알싸하게 맵지만 중독성..
5점,2024년 8월 19일,사람 많아서 매장사진찍기 힘듬 회전율좋음 음식빨리나옴 칼국수 맛있음 다만 바쁘셔서 추가요청시 바로바로 안나옴
5점,2024년 6월 2일,학교다닐때부터 종종 오던곳이에요 마지막 사탕을 이제 안주는게 너무 아쉽지만 칼국수맛은 그대로네요 맛있어요 마늘김치두요 변하지 않았으면 좋겠습니다!
5점,2023년 10월 20일,"명동칼국수때부터 먹어봤지만 이름이 명동교자로 바뀌고도 맛이 변치않는 리얼 칼국수 국물과 만두도 입에서 터지는 그맛 계속 생각나는 맛입니다. 글을 쓰는 지금도 먹고 싶네요^^ 대기줄이 엄청 길음에도 불구하고 금방금방 줄이 빠지는 이유는 자리 앉자마자 10초만에 가져다 주시는데 1층과 2층으로 나뉘어 있어 빨리
먹을수 있는 매력이있어 줄이 길다고 놀라지마시고 기다리면 미슐랭맛집 선정된 맛을 볼수있습니다 :)"
5점,2024년 10월 26일,주말기준 10분정도 대기후 입장 여전한 칼국수맛 김치가 진짜맛있어요
5점,2024년 11월 9일,"사람이 엄청 많아서 혼잡해요.
근데 그럴만한 맛이에요."
5점,2024년 7월 18일,유명한데 가본적이 없었어서 궁금해서 방문했어요! 기대 이상으로 훨씬 맛있었고 감칠맛 최고에용!! 마늘김치 최고!!!!
4점,2024년 3월 18일,정말 오랜만에 간 명동교자 본점! 주말 아침에도 웨이팅이 조금 있었는데 다행히 둘은 금방 보내주시더라고요. 여유가 되면 비빔 하나 칼국수 하나 만두 한 판 시키는 걸 추천드려요.
4점,2024년 5월 24일,"명동오면 먹어야하는 곳
칼국수 국물이 찐해요. 콩국수 생각보다 맛있어요!
면, 밥은 리필 가능하니 많이 드실 수 있어요!
김치 맛집!"
4점,2024년 5월 21일,"주말마다 사람이 많지만 회전율이 빨리서 좋은 식당이다. 주문하고 선불로 결제를 한 뒤에 음식이 나온다. 중국집 가면 나오는 유산슬(?) 비슷한 국물에 고기, 양파, 부추, 만두 4점이 올라가 있다. 개인적인 결과를 먼저 말하자면 &quot;이게 이렇게 줄 설 맛인가?&quot; 였다. 국물의 느낌이 중국음식에 가까워 호불호가 있을 것 같았다. 개인적으로 생각하기에 원래 맛에서 해외 특히 중국인들이 많이 찾다보니  중국입맛에 맞추지 않았을까 싶다(정확히 어쩌다가 유명해졌는지 모르겠지만 그렇게 생각해야 들어맞는다.) 한번 더 도전해야 할 것 같다."
3점,2024년 8월 11일,왜 유명한지 모를 .... 그냥 평범하고 마늘맛 너무 많이남 그냥 그래요 종업원들 불친절
2점,4일 전,"맛은 일단 마늘맛이 너무 강해서(김치) 정말 불호 였고
칼국수는 돈코츠 라멘에 그냥 칼국수 넣은맛이고
비빔은 솔직히 뭐가 맛있는지 희한했고
만두는 안에 육즙이랑 참기름? 그런게 계속 되니까
너무 느끼? 좀 그랬고 웨이팅 시스템도 별로고
테이블 합석 시키는것도 별로도 밥도 진짜 유치원생도 
작다고 할만큼 줘요 불호"
5점,2024년 9월 16일,레전드 중에 레전드 칼국수의 제왕 명동가면 꼭들러보세요
5점,2023년 10월 8일,"워낙 중요한 맛집입니다. 

사람이 너무 많아서 대기줄이 많아요. 

3인 이상은 3층으로 올라가야하고, 

선불입니다. 

맛은 정말 맛있어요. 외국인도 많고요. 

명동에 오시면 꼭 들러야 하는 맛집입니다. 

재방문 의사 있습니다."
4점,2024년 8월 3일,엄청 오래된 칼국수집이지만 여전히 장사가 잘 되고 일본 사람들로 가득한 곳
5점,2024년 7월 1일,국물이 너무 시원합니다. 만두랑 곁들여먹긴엔 비빔국수가 짱이였습니다. 결론은 다 맛있어요.
4점,2024년 8월 19일,"명동 가면 계속 먹게 되네요
사람이 진짜 많아서 바글바글 해요"
5점,2024년 2월 11일,워낙 유명한 곳이라 웨이팅이 심하다고 들었는데 회전율이 굉장히 빨라서 많이 안기다리고 먹을 수 있었어요 비빔국수보다는 역시 가장 유명한 칼국수가 제일 맛있더라고요
4점,2024년 6월 10일,"ㅁ바쁨
ㅁ로봇서빙
ㅁ마늘김치
ㅁ키오스크새로생김
ㅁ회전빠름
ㅁ입가심사탕 이제 안주네요ㅋ"
5점,2024년 2월 15일,국물이 진해서 좋고 사리 추가가 무료라 좋고 하지만 정신없는 가게. 김치 맛이 좀 변한거 같아서 아숩이었던 그래도 비오는 날 칼국수는 최고다
4점,2023년 7월 22일,"명동가면 명동교자는 외국인 웨이팅이 길어서 굳이 안갔었는데, 이번에 웨이팅 없길래 다녀왔다. 칼국수가 칼국수겠거니 했는데 대박, 왜 인기있는지 한 입 먹고 깨달았다..! 

불맛입힌 고기맛이 나면서 약간 걸쭉한 느낌의 진한 국물맛이 너무 맛있었고, 국수도 호로록 부드럽게 잘 들어갔다. 양도 많아서 한 그릇 다 못 먹고 나왔는데 만원에 이정도면 가성비도 굿굿! 김치도 마늘맛 많이 나면서 살짝 매콤하고 시원하니 잘 어울렸는데 뭔가 5프로 아쉬웠다.. 개인 취향 차이겠지만 김치까지 완벽했으면 별점 5점 !

그리고 손님 엄청 많은데 직원분도 많아서 필요한거 금방 다 가져다 주시고 음식도 빨리 나오고 회전율도 좋았다 그만큼 시스템이 잘 갖추어져있다"
3점,2023년 5월 29일,"앉자마자 주문을 강요받으니 조심하세요.. 생각할 겨를 없이 주문 하다가 너무 많을 것 같아서 하나 취소했는데 앉는 순간부터 주문, 음식 나오기까지 5분도 안걸리니까 천천히 주문하시길 ㅠ
국수도 맛있고 만두도 맛있었지만 국수는 약간 물려서 2명이서 국수 하나 만두 하나 먹는게 제일 좋은 것 같아요"
5점,2022년 11월 16일,정말 오랜만에 명동칼국수를 갔어요 감사하게도 명동에 관광객들이 많아졌어요 아직 멀었지만 그래도 조금 북적대니 기분이 좋네요 줄을 서고 20분정도 기다렸다가 들어갔어요 테이블들이 다닥다닥 붙어있어 서빙하시는 분들이 이리저리 피해다니시지만 정말 친절하게 응대해 주시네요 오랜만에 먹어서 그런지 정말정말 맛있었어요 한그릇이 정말 푸짐한데 밥도 주시고 면이랑 국물까지 또 리필해 주십니다 잊고있던 맛이었는데 당분간 계속 생각날듯 합니다
4점,2022년 9월 30일,"처음 명동교자 갔던게 벌써 19년 전인것 같다. 18년만에 다시 들렀지만 그자리에 그대로였던 명동교자.

혼자 왔다고 하니 1층으로 안내해주셨고
칸막이 있는 2인 혹은 1인 테이블들이 있었고
좀더 큰 규모는 2,3층으로 안내하는것 같았다

예전의 푸짐하고 밥도 공짜로 주는데다
마늘향이 알싸한 달달한 김치가 꿀맛이었는데

이번에 오랜만에 먹은 칼국수는
진한 국물에 만두도 들었고 맛있었지만
옛날맛과 어딘가 다른듯해서 낯설었고

김치는 진짜 많이 변했구나 싶었다.
마늘향은 나는데 다소 짰다.

세월이 많이 흘러 시대의 입맛에 따라 바뀐걸수도 있고, 너무 오래전 맛있게 먹어 기대가 커서 그랬을수도 있지만, 예전같지 않은것 같아 세월이 야속했다."
4점,2022년 7월 25일,"재방률 70%
'명동 대표 충청도식 칼국수'

tip
ㅡ선불결제
ㅡ거의 항상 줄이 있음. 식사시간 피해서 가면 좋음
ㅡ칼국수와 만두가 유명
ㅡ안 좋은 사건 있던 적 있음...

@평가@(5점만점)
맛 5점
위생&amp;서비스 3점
가격 3점
분위기 3점
매력도 3.5점

 60년도 부터 명동을 대표하는 칼국수집이다. 알아본 바로는 충청도식 사골 칼국수라고 한다. 맛은 마치 중식 볶음밥을 연상케 하는데 매력적이라 밥도 2공기나 말아먹었다. 
 사골과 고기가 들어가 기름이 가득하지만 적당한 느끼함과 단백함이 함께하여 술안주로 참 좋겠다 싶은 생각도 들었다. 칼국수 위에 떠 있는 교자만두가 인상적.

 가격이야.. 명동 땅값에 고기가 나름 듬뿍 들어간 거 생각하면 그럭저럭 평범한 편? 워낙 인기도 많고 오래된 집이다 보니 자리가 항상 북적이고 줄도 20m는 기본으로 서 있는 광경을 자주 보았다. 명동이 우한 바이러스로 유령도시가 되었던 때에도 여기만큼은 전과 다를 바가 없었을 정도다.
 다만...22년 6월에 바퀴벌레 다리가 나온 사건이 있었던지라.. 기사 보고나니 또 가기는 꺼려진다...대처도 국수값 환불이 전부였다고...돈도 많이 벌텐데 왜 그랬을까..."
5점,2022년 4월 30일,"처음에 &quot;어머니대성집&quot;에서 따뜻한 국물과 식사를 하려했는데 웨이팅이 너무심해 
가려다 생각난 명동교자 ^^
밖에서 식사하려 할 때 1순위로 떠올르진 않지만 차선 대안으론 이견이 없네요

주문할때 4명이면 3명이 칼국수 시키고
한명은 비빔국수 꼭시키셔서 비빔국수 사리 추가하면 골고루 좋네요 ^^

참 숟가락보면 미묘하게 꺾어진 각도가 국자같이 국물을 잘 뜰수 있도록 제작되었에요"
5점,2022년 2월 24일,"명동에 있는 명동교자 본점입니다. 

주차장은 따로 없고 지원도 하지 않습니다. 

워낙 오래된 곳이고 코로나 이전에는 일본, 중국 등 외국인 관광객들에게도 인기가 많았던 식당인데 외국인 관광객이 거의 다 빠진 지금도 대기줄이 없는 경우를 찾기 힘들 정도로 인기가 많은 식당입니다. 항상 대기를 하지만 숙련된 서버분들의 물 흐르는듯한 핸들링덕에 많이 기다리지 않고 식사를 할 수 있는 식당이기도 합니다. 

메뉴는 칼국수가 대표메뉴이고 만두도 사이드로 많이들 주문하십니다. 직접 공장에서 만드는 공장제 만두를 사용하시는데 만두피도 얇고 만두도 도톰해서 맛이 괜찮은 편입니다. 

칼국수는 부들부들한 면을 사용하는데 간이 제법 강한 국물과 아주 잘 어울립니다. 살짝 올라오는 불맛도 인상적이고 고명과 국물, 면의 조합이 아주 훌륭한 곳입니다. 김치도 빼먹을 수 없는 명동교자의 인기 비결인데 마늘이 왕창 들어가서 제법 매콤한데 당기는 맛이 아주 강해서 계속 먹게 되는 맛입니다. 만두랑도 잘 어울려요. 일인당 국수 메뉴를 하나씩 주문하면 조밥과 면, 국물이 리필이 가능한데 국물에 밥을 말아 먹어도 맛있고 김치와 같이 먹어도 좋습니다. 저는 세트리고 불리는 면과 국물을 같이 주문해서 먹습니다. 해장으로도 좋아요. 

삼십 년을 넘게 다닌 집이라 뭐라고 평가하긴 힘든 집이네요. 명동에 가신다면 꼭 한 번 먹어볼만한 식당입니다."
5점,2022년 2월 9일,"명동은 먹을 게 없다고 생각했는데, 명동교자를 알게된 뒤부터는 항상 명동에 가면 칼국수를 먹어요. 혓바닥이 따가울 만큼 알싸한 마늘 맛이 나는 김치도 좋고, 양이 넉넉한데 심지어 리필도 해주는 칼국수도 맛있습니다. 맑은 국물이지만 불에 구운 맛이 나서 짬뽕같다는 생각도 들어요. 이번에도 맛있게 잘 먹었습니다!"
5점,2021년 12월 6일,"입장하자마자 메뉴를 주문하면 선불로
계산하는 시스템이였는데 요즘 웨이팅이
긴 식당들은 대부분 선결제 시스템이에요🤭
⠀
기본찬으로는 알싸한 마늘김차가 전부이고
필요시 요청하면 밥과 사리를 추가로 무료로
먹을 수있어서 저는 밥을 요청 드렸습니다😄
⠀
완당 4개와 칼국수 그리고 고기볶음 고명이
들어가 있었고 국물맛은 깊으면서 깔끔 담백한
닭베이스 육수였고 밥 꼭 말아드셔보세요🤤
⠀
칼국수 면발은 많이 두툼하지 않고 부들부들
하니 면치기 하기 딱 좋은 정도 였고 같이
먹게되는 마늘김치 덕에 감칠맛을 더 끓어
올려 주다보니 김치도 한번더 리필🥰
⠀
정말 손님이 많고 바쁘신 와중에도 직원분들
정말 친절해서 너무 편하게 먹었어요👍"
4점,2021년 11월 3일,"명동교자는 딱히 평가가 필요없을만큼 유명하죠. 금요일 저녁인데 아무래도 코로나 여파인지 대기없이 착석이네요.

역시 불맛있는 국물에 칼국수와 고기고명 요즘같은 날씨에 딱입니다. 잊을만하면 방문해서 먹게되네요.

오랜만의 명동방문인데 분위기가 너무 썰렁해서 맘이 좀 그렇네요. 다시 북적이는 명동거리가 조속히 왔으면 좋겠네요"
2점,2021년 10월 5일,명동하면 명동교자 옛말이다. 맛난것들이 너무 많아서 인지 주말 웨이팅도 없어서 좋고 예전의 칼국수 국물의 찐하고 걸쭉한 맛갈스러움이 줄어든거 같고 짜다. 계절 매뉴 콩국수가 고소하니 더 맛나다. 만두속이 잘 치대지지 않아서 고기덩어리가 야채와 포슬하게 반죽이 덜된거 같다.
4점,2021년 7월 7일,"얼마전 영자로드에 나와서인지 사람들이 많았어요. 이 곳은 칸막이를 해도 워낙 테이블간격이 좁아서 이 점은 좀 다시 생각을 해봐야 할 것같아요. 
칼국수는 달달하고 짠 맛이 특유의 명동교자 맛이 나더라구요. 하지만 만두는 속이 가득들어있어서 다음에 방문한다면 만두만 먹고 싶었어요"
5점,2021년 7월 3일,명동가면 꼭 방문하는 식당입니다 아니 명동교자를 가기 위해 굳이굳이~~ 명동을 방문하는 사람 중 하나입니다. 코로나로 인해 명동상권이 많이 죽었는데 명동교자 앞만 인산인해더라구요. 여전히 자극적이고 맛있어요. 비슷한 맛을 흉내내는 곳도 없고 명동교자는 대체식당이 없는 것 같아요. 이 날은 혼자가서 국수만 먹었지만 2인 이상은 꼭 만두도 드셔주세요 정말 맛있습니다
1점,2021년 6월 18일,근처에서 머물게 되어서 전날 방문했는데 주문 받으면서 만두 품절을 알게되었고 주문 중 잠시 고민하고 있었는데 주문 안 한다며 쌩가셔서 무안해서 나왔습니다 그래도 사람이 이렇게 많은 걸 보면 맛집이겠거니 바쁘셔서 그런거라 생각하고 다음 날 방문했습니다 하지만 역시나 다음 날도 불친절하시네요.. 선불이라고 카드 가져가시고 테이블에 툭 던지고 가시고 앞접시에 고춧가루가 있어서 접시 바꿔달라고 말씀드리니 훑어보시고 바꿔주시더군요.. 칼국수는 맛이 새로워서 좋았습니다 짬뽕 국물에서 매콤함을 뺀 맛. 새롭고 워낙 짬뽕을 좋아하는 터라 맛있게 먹었지만 너무 짜서 물을 한참 먹었고 다른 리뷰도 그렇듯 김치에 마늘이 너무 많이 들어가 양념을 걷어내고 먹었습니다 만두도 피가 쫄깃합니다만 역시나 간이 너무 세서 반을 남기고 나왔습니다 맛이야 간이 좀 세다고 느끼는 정도였지만 (김치 제외) 서비스가 너무 불친절해서 다시는 가고 싶지 않았습니다.
4점,2021년 6월 13일,"역시 명불허전 입니다. 
예전에는 인원수에 상관없었고 줄도 서지 않았는데, 이제는 줄도 서야하고 
인원수 대로 시켜야하고 
그러나 아직도 국물/사리 리필에 밥도 무료로 추가 되는 추억의 단골 맛집입니다.
콩국수는 콩물은 추가 안되고 사리만 추가 됩니다. 
#명동교자 #칼국수맛집"
4점,2021년 5월 30일,"명동교자 본점을 찾아가봤습니다.
코로나19 상황 전에는 관광객과 많은 사람들로 북적여서 줄을 오래 섰어야 한다더라구요.
점심시간에 찾았는데 5분여 대기하고 들어갔습니다.
칼국수와 비빔면 둘다 기대하던 맛이었습니다. 칼국수는 약간 짭짤하며 시원했습니다. 
만두도 맛있고 비빔면도 맛있었습니다. 
보편적인 맛으로 누구나 다 좋아할, 먹어봤을 법 한 맛이었습니다. 외국인 친구가 온다면 같이 가면 좋아할거 같아요."
5점,2021년 4월 24일,"이날은 은행에서 볼일을 보고 명동교자를 다녀갔습니다.(은행에서 주차 2시간 넣어주네요~) 한 10년만에 다녀간 것 같은데 여전히 정말 맛있는 칼국수네요. 면추가 밥추가도 무료이고 김치맛도 여전하네요. 다만 양이 줄고 가격이 조금 오르긴 했네요. 물론 면 추가 밥추가 둘다 했습니다~

예전에는 줄서서 먹었던거 같은데 이날은 점심시간임에도 바로 먹을 수 있었네요."
5점,2021년 4월 13일,"이러니저러니 해도 명동 맛집으로 꼽으라면 꼭 꼽히는 식당이에요 불호인 사람도 있겠지만 웬만하면 다들 맛있게 먹고 나오는 식당인 것 같습니다~
위치가 명동이라는점을 감안해도 가격대가 나쁘지 않고 또 원래 양 자체도 괜찮고 국수 리필도 되니 비싸다는 느낌이 전혀 들지 않아요 
칼국수 면이 부들부들한게 참 좋고 명동교자 하면 생각나는 마늘맛이 강한 겉절이김치도 언제 먹어도 맛있고 중독성 강한 그 맛이 종종 생각이 나서 또 명동교자를 찾게 되는 것 같습니다
사람이 워낙 많아서 회전률이 높고 메뉴수도 많지 않아서 주문하고 음식 나오는데에 오분도 걸리지 않아서 좋아요 ^^"
5점,2021년 4월 5일,"명동에서 먹을 곳을 찾고 있다면 명동교자로!

명동에선 먹을만한 것이 딱히 없어서 뭘 먹어야 하나 고민되는데 이젠 먹을 곳을 찾았어요! 

한국인이라면 싫어할 수 없는 무난한 칼국수와 만두라는 메뉴로 일단 가볍게 접근할 수 있구요. 맛 또한 보장되는 곳이에요. 정말 잊을 수 없는 맛이다 라고는 할 수 없지만 맛있는 칼국수와 만두라고 말할 수 있어요~

그리고 비빔국수! 저는 비빔국수보다는 칼국수를 좋아하는데 여기는 비빔국수가 맛있었어요~! 

앞으론 명동에 볼일이 있으면 명동교자를 찾을 것 같아요 :)"
2점,2021년 3월 28일,"칼국수 전문점입니다. 

칼국수를 주문했습니다. 원체 칼국수를 좋아하지 않는 편입니다. 그래서 여긴 뭔가 다를까 하고 먹었는데 다른 칼국수들과 다르지 않게 별로였어요. 
육수는 고기 육수같았습니다. 이 점이 조금 달랐던 것 같네요. 
김치는 더 달라고 하는 테이블이 많았어요. 
워낙 유명하니 한번 먹어본걸로 족합니다."
4점,2020년 12월 28일,"유명한 명동교자입니다.
전에 먹었을때 맛있어서  이번에도 찾았습니다.

칼국수 맛은 볶은양파+닭국물 느낌이 납니다.
기존에 알고있던 칼국수랑은 다른 느낌이에요
국물이 진하고 양파의 단맛이 어렴풋 느껴집니다.

김치 맛있는다는 분이 많은데  저는 개인적으로 너무 매워서 별로 입니다. 마늘맛이 강합니다.

밥이랑 면사리는 추가금 없이 이야기하면 바로 제공해줍니다.

코로나시기여도 맛집이여서 그런지 점심에 3층까지 손님이 붐볐습니다. 음식나오는 속도는 굉장히 빠른편입니다.  1분~5분 사이로 바로 나옵니다."
3점,2020년 5월 30일,워낙 유명해서 대기줄도 있던 곳인데 요새는 바로 입장이 가능하지만 역시 명동 대표 맛집인건 그럼에도 사람이 많았음. 근데 그거치곤 그냥 국수가 그닥 내 스타일은 아니었음 뭔가 시원하다기보단 좀 느끼하단 느낌을 줬고 김치는 지나치게 자극적이어서 왜 매울까했는데 김치.. 어쨌든 추가로 사리나 밥을 줘서 양은 듬뿍 먹을 수 있으나 막 생각나고 그립진않을 맛임. 맛이 없다기보단 기대보단 엄청나지 않았을뿐
4점,2020년 2월 27일,"하도 유명하길래 가봤는데 맛있습니다.
직원분들 친절하신 것 같고 김치 부족해보이면 알아서 주시더라구요.
매장 넓고 회전율도 좋아서 웨이팅 길지 않아요.
다만 가성비가 좋은지는 모르겠어요.
둘이 가서 3개 시키니 국수집에서 3만원이..
만두 빼고 식사 두개만 시켜도 될것 같아요. 부족하면 밥 말아 먹을 수 있습니다."
4점,2020년 1월 9일,"◈ 맛집기록 #22 '명동교자 본점'
(4.0점 / 5점 만점)

- 미슐랭에서도 자주 언급되는, 전통깊은 식당이다. 아마 대부분 사람들이 알고 있는 곳!

- 여름에 방문했을 때는, 칼국수(9000원, 무료 사리 리필가능)와 콩국수(9000원)를 먹었다.

- 사람들이 정말 많지만, 음식 나오는 속도랑 회전이 빨라서 좀 낫다. 혼밥하기에 매우 좋은 구조.

- 칼국수 맛은 말할 필요도 없이 최고. 불향이 나고 진한 고기맛이 나는게 특징이다. 마늘김치랑 먹으면 행복한 맛이다. 콩국수도 별 기대 없이 먹었는데 너무 맛있었다. 

- 다 좋았는데 수저가 설거지가 덜 되어있었는지 젓가락 처음 꺼냈을 때 양념이 막 묻어있었다. 그거 때문에 찝찝해서 별 하나 감점.."
4점,2019년 12월 27일,"#맛 
두말할거없이 맛있음
종종 생각나는맛
만두는 평범한 고기만두
칼국수의 면보단 국물이 기억남
비빔도 양념장이 찐득하고 맛있음 

#서비스 및 분위기 
명동이고 사람많고 시끄러움

#장점 
맛 맛 맛

#단점 
예전에 비해 점점 위생상태가 좋지않은거같음

#한줄평
맛있어서 종종감
명동가는이유"
5점,2019년 7월 16일,사람이 되게 많은만큼 자리도 많아요. 메뉴는 간단하게 보통 칼국수 많이 먹구 주문하면 빨리 나와요. 사람이 하도 많아서인지 아예 김치 리필만 돌아다니면서 해주시는 분이 계시더라구요. 앞치마는 없어요. 칼국수는 맛있는데 살짝 짜요. 근데 이거 좋아하는 사람들은 맛이 딱 좋을 거 같아요.
5점,2019년 6월 24일,"1. 맛 : 
칼국수는 진한 닭 육수 국물과 약간 퍼진 듯한 면이 어우러져 맛있어요. 만두, 야채, 고기도 적당히 들어가있고, 면이나 공기밥 추가도 무료로 가능해서 양도 만족해요 (근데 먹고 나면 은근 배불러서 사리 추가는 한 번도 해본적 없네요ㅜㅜ)

김치는 마늘 향이 강하고 자극적이에요. 다 먹고 자일리톨을 꼭 먹어줘야 입 안이 텁텁하지 않아요. 

2. 분위기 : 명동에서 혼밥하기 좋은 곳이에요. 혼자 앉는 자리가 따로 있어서 점심시간에 가도 전혀 눈치보이지 않아요."
5점,2019년 5월 27일,"최애 음식 중 하나인 명동교자 칼국수...
김치가 자극적이지만 늘 언제나 계속 땡기고... 국물은 고기 육수 양념때문에 먹어도먹어도 입을 행궈도 또 먹게되고, 면발은 퍼지지 않았지만 너무 부드럽고, 먹고나면 주는 아주 작은 공기에 조밥을 한숫가락 말아 먹고나면 서울 사는게 너무 행복한 느낌이죠~^^"
3점,2019년 5월 6일,"여유있는 데이트 코스로 적합하진 않은 것 같아요 그정도로 사람이 많고 시끌시끌하면서 좁은 공간에 많은 인원을 수용하려다 보니 테이블 간격이 너무 좁아요
만두랑 칼국수를 시켰는데 만두 속에 고기 많고 칼국수 국물도 진하고 평소 익은 김치보다 겉절이를 좋아해서 김치도 맛있었어요 근데 전체적으로 간이 좀 세요 칼국수 국물이 좀 짜고 김치도 좀 매운 편입니다 맵고 짠 음식을 좋아하지 않는 분에겐 크게 추천하고 싶지 않아요"
4점,2019년 5월 5일,"가게는 크지만 그만큼 손님도 엄청 많아서
대기는 필수
국수류는 무료로 사리 추가가 가능함
칼국수는 육수가 진하고 육향이 많이 나는편
원래 면이 좀 불어서 나온다는데
개인적으로 불호였음
비빔국수는 안맵고 정말 맛있었다
김치는 서울김치 스타일이 아니고 꽤 맵다
칼국수랑 궁합은 잘 맞는데 좀 많이 매운듯
개인적으로 만두가 제일 맛있었음
작은 크기에 육즙이 꽊
무조건 시키세요"
2점,2019년 2월 6일,"칼국수:
사골육수처럼 깊은 맛이 아니다. 시원하고 담백한 해물칼국수 맛도 아니다.  야채를 기름에 볶다가 육수를 붇고 끓여내는 방식인 듯. 매운맛을 뺀 짬뽕국물을 연상케 한다. 호불호가 있을 것 같고 나는 불호. 

만두:
만두속은 고소하면서 꽉차 있고 만두피는 얇지만 쫀득하다. 

김치:
마늘범벅을 한 절인 김치. 시그니처.

별점이 너무 높아 다른 분들의 기대감을 좀 줄이기 위해서 별점 2로 짜게 주었으니 참고하세요."
5점,2018년 12월 26일,"비빔국수 꼭 드세요 !!!!! 칼국수는 고기 국물 베이스라 맛 없을 수가 없고, 비빔국수는 식초 뿌려서 먹는데 그렇게 맛있을 수가 없음 사람이 엄청 많은데도 회전율이 빠른 편이니 부담 없이 방문하기에도 좋음 명동이라 외국인이 많을줄 알았는데 거의 다 한국인이어서 놀람 역시 현지인 맛집"
4점,2018년 12월 1일,"유명하다 그리고 유명할만 함
칼국수는 고기맛이 진한 육수가 면에도 잘 베어들어있고 만두 역시 속이 꽉 찼다
마늘향 강한 김치도 독특하고
칼국수랑 만두를 같이 먹다보면 고기육수 특유의 기름기가 느껴져서 막판가면 약간 물리는 감이 없지는 않지만
맛이 잊혀질때쯤 되면 또 먹고 싶어짐"
4점,2017년 9월 17일,"사람이 많다..  대기해야하고 앉아서도 상당히 북적거림.
하지만 그 와중에 직원분들은 잘 해주심. 오이 빼달라는 등의 요구사항도 잊지 않으신다.
 가격이 조금 있기는 하지만 만두는 정말 맛있다. 기다릴만 하다는 생각이 들었음. 칼국수에도 만두가 들어있고, 고기가 많다. 
무조건 선불"
5점,2021년 8월 27일,"명동에 방문할때 마다 생각나는 명동 음식 베스트 3안에 드는 맛집입니다. 

방문하면 한번만 온 분들이 없을 정도로 코로나임에도 불구하고 사람들이 북적북적했네요.

구수한 국물과 얇은 만두, 조금 맵기는 하지만 감칠맛을 더해주는 김치까지! 너무 맛있는 맛집입니다!"
5점,2017년 11월 4일,"맛있는 #명동교자 #명동칼국수 진짜 먹을때 마다 정말 맛있어😍 
엄마가 처녀때 명동 무역회사 다닐때부터 즐겨먹던 #칼국수 를 나도 열심히 먹지~ 맛이 변함없지만 가격은 정말 무섭게 오른다😝 
#마늘김치 너무 매워서...ㅜ 먹고 나면 속이 아리지만... 중독적이야😚"
4점,2024년 3월 16일,1-2인은 따로 층을 써서 대기없이 들어갈수있었어요 칼국수는 생각보다 고기기름맛이 많이났고 만두 맛있어요
5점,2018년 3월 3일,오랫만에 집사람 같이 방문하였습니다. 코로나 때문인지 예전보다 사람은 많지 않아 웨이팅 없이 먹을 수 있었습니다. 칼국수 사리랑 밥은 원하시면 더 드실 수 있으니 양이 부족한 분들은 참고하세요. 김치는 마늘이 많이 들어가 식후에 다소 입냄새가 날 수 있습니다.
5점,2024년 2월 20일,"너무 맛있고 즐거운 시간 보냈습니다
너무너무 맛있는데 사람이 많아서 아쉬워요 ㅠㅠㅠ 친절하셔서 이용하기 너무 좋았어요"
3점,2018년 12월 15일,"웨이팅 라인이 길어서 걱정했는데 순환이 빨라서 빨리들어갔습니다. 날이 추워서 칼국수땡겨서 간건데 🤗
가서 먹어본 후기로는 김치는 정말정말 짜고
칼국수도 많이 짜더라구용(물한컵넣고 먹었습니닷)
후식으로 주시는 자일리톨이 제일 좋았..ㅎㅎ
재방문은 안할거같습니담"
5점,2018년 3월 11일,"1.맛
- 워낙 유명한 명동칼국수. 면은 꼬들꼬들하고 만두는 육즙이 많이 나왔어요. 김치가 역시 최고!

2.분위기
- 뭔가 엄청 빠르게 지나가는 느낌이라 자리를 빨리 비켜줘야 되는 듯한 분위기가 있어서 그건좀 ㅠ

3.서비스
- 기본적으로 친절하십니다."
5점,2021년 12월 28일,"진한 육수의 칼국수와 잘 쪄진 만두의 조화가

굉장히 맛있었던 명동교자 본점이었습니다!!

가격이 살짝 후덜덜한 느낌은 있지만 

괜히 미슐랭 맛집이 아니다라는 생각이 들 정도로

뭔가 익숙하지 않지만 맛있었던 칼국수가 

크게 인상에 남았습니다 ^0^"
3점,2020년 4월 30일,"명동하면 빠질 수 없는 맛집 명동교자본점!
미쉐린 가이드 2020에 선정된 만큼 외국인들도 굉장히 많이 오는 칼국수집인데요.
칼국수 + 비빔국수 + 만두를 주문해봤습니다😄
달달한 칼국수랑 매콤한 비빔국수에 사이드 만두까지 조합이 아주 좋아요👍👍 추천추천"
5점,2021년 9월 8일,"과연 명동의 명물답게 한 번쯤 먹을 만 한 곳이라고 생각했습니다. 면 잘 모르지만 갈비탕 같은 고기국물이 특이하고 면도 통통해서 잘 먹었습니다. 남은 만두는 포장해서 구워먹었는데 맛있었어요!
**남은 거 포장은 주시는 종이팩으로 직접 해야 합니다ㅎㅎ"
4점,2018년 6월 29일,일단 만두는 만두피도 정말 얇고 속이 꽉차서 너무 맛있었어요. 칼국수 국물 또한 맛이 깊어서 맛있었는데 면이 불었었어요. 칼국수는 ⭐️⭐️⭐️.5/5 만두는 ⭐️⭐️⭐️⭐️⭐️/5. 혼밥전용 테이블도 마련되어있고 음식은 시키자마자 거의 바로 나와요.
4점,2018년 4월 29일,"진한 닭고기 육수, 칼국수와 교자 그리고 칼칼한 김치 등 명동을 찾게 되면 늘 생각나는 곳이다. 담백한 국물도 그렇지만 면발에 국수가 잘 베어들어가 아삭한 김치랑 함께하면 그게 참~잘 어울린다는 생각이 든다. 겨울 되면 또 한번 상경해서 방문해야겠다."
3점,2022년 1월 4일,자리가 엄청 다닥다닥 붙어있고 손님 직원 모두가 정신이 없어져요 옆테이블 음식을 주는데 쟁반을 저희테이블에 두고 주시네요 그리고 저희를 두고 반대 테이블 메뉴 물어보시면서 사람 얼굴앞으로 손가락질하고... 음식은 맛있는데 서비스는 바라면 안될듯해요
4점,2021년 8월 8일,"명불허전 명동을 대표하는 명동교자 
불맛나는 국물의 칼국수는 우리가 쉽게 떠올리는 칼국수라기보단 하얀 백짬뽕에 조금 더 가깝다 피가 얇고 푸짐한 만두와 마늘맛이 듬뿍나는 이집의 김치는 그야말로 시그니처의 존재감! 오랜만에 다시와도 늘 그대로인 :)"
4점,2021년 4월 26일,"여전히 사람들로 붐비는 맛집.
플라스틱 가림판을 설치하여 
오랫만에 간 매장 안은 옆사람과의 비말 접촉을 최대한 줄여놨습니다.
여잔히 부드러운 면발의 칼국수와
시원하고 진한 국물의 콩국수!
별미인 교자까지 아주 멋있게 먹고왔습니다.
여전한 맛집.."
3점,2020년 7월 9일,"혼자 가면 4인 테이블에서 모르는 사람들이랑 같이 먹어요ㅋㅋㅋ
많이 먹어본 바지락 칼국수랑 다르게 고기 육수와 다진 고기의 기름지고 구수한 맛이 나는 칼국수였어요.
김치에서 마늘맛 많이 나는 거 못 느끼다가 다 먹고 나오는 순간 느꼈어요^-^.."
3점,2024년 3월 1일,"맛은 있는데 테이블 간격이 너무 좁아서
거의 옆에 일행과 함께 먹는 듯한 점이 조금 불편했어요"
5점,2023년 12월 17일,"이곳만의 특이한 국물맛이 있는데 처음 먹으면 칼국수가 아니라 짜장면에 물을 부은맛인가 싶은맛(맛이 없다는게 아님 단순히 칼국수의 느낌이 아니라는 말이다) 이지만 먹으면 먹을수록 그 매력에 빠져나올수 없는 맛이다. 
밥과 면이 리필되기에 꼭 리필을 추천한다.
개인적으로는 면도 좋지만 밥과의 궁합도 좋다"
2점,2023년 1월 8일,"사람 너무 많고 테이블이 좁아요
선불이고 주문하기까지 너무 오래걸렸어요
칼국수는 너무너무 퍼져서 나왔어요
사리는 전에 공짜였는데 사리추가 무료는 안 써있었고 공기밥은 무료인데 만원에 이 가격주고 먹으러 다시 올거 같진 않네요
예전이 그립네요ㅜ"
5점,2023년 2월 12일,오랜만에 명동 들리는 겸 명동교자 방문했는데 맛있게 먹었어요 김치는 마늘향이 엄청 강해서 다음날까지도 마늘향이 나네요 칼국수는 면이 퍼진느낌 푹 삶은 느낌이여서 호불호 갈릴듯하지만 전 맛있게 먹었어요 만두 꼭 드세요 만두 육즙 좔좔입니다
3점,2024년 4월 13일,왜 칼국수에서 짜장면 맛이 나는지.. 특이햇어요 전체적으로 무난
3점,2024년 1월 20일,오랜만에 명동에 가서 유명한 명동교자 칼국수를 먹었어요~ 명동갈 일 있으면 한번쯤 들러볼 만한 곳이예요~^^
4점,2023년 10월 1일,"칼국수에서 특이하게 짜장면 맛이 나는데
양파랑 고기 때문인 것 같다
조금 기다렸지만 회전율이 빠르고 좌석이 많아서 괜찮았다
김치가 좀 매콤했지만 계속 손이 가는 맛이다"
4.5점,2021년 1월 4일,"생일에 면을 먹으면 오래 산다고, 엄마랑 데이트 할 때나 생일날엔 꼭 가요.
마늘향 많이 나는 김치가 취향이 갈릴수 있으나 넘나 제취향 ㅠㅠ...
 칼국수도 맛있어요. 엄마는 좀 짜대요. 항상 물 조금 부어서 드시는데도 좋아하세요:D"
5점,2020년 3월 14일,"우리나라에서 아마도 가장 유명한 칼국수집.
이곳만의 독특한 마늘김치와 육수 맛이 한결같은 맛을 유지하는 덕에 응대가 그리 친절하지는 않아도 수많은 내국민과 관광객들의 발걸음이 끊이지 않는다.
강한 한방이 있는 맛. 여전히 맛있습니다."
4점,2024년 2월 20일,"명동 방문시 메뉴 고르기 애매할때 선택하기 좋음. 한국인의 패스트 푸드, 빠르고 맛있음."
5점,2024년 3월 2일,맛집으로 유명해서 먹어봤는데 진짜 만족! 너무 맛있더라고요. 종종 갈것 같아요.
5점,2023년 6월 1일,"국물이 불맛나고 깊어서
정말 맛있었습니다.
김치는 마늘맛이 많이 나면서 맛있습니다. 
양도 넉넉한 편인데다 요청시 밥도 추가로 제공합니다. 
회전율 빨라서 주문시 바로 나와요. 
(대기도 금방 줄어듭니다.)
또 갈 의향 있습니다."
3점,2019년 10월 31일,"칼국수 면이 생각보다 얇고 국물 맛이 굉장히 독특합니다. 
일반적으로 칼국수하면,해물 베이스로 칼칼하거나 깔끔한 맛을 연상하는데 고기 베이스로 기름맛이 살짝 느껴집니다.
만두는 다른 만두 전문점에서 흔히 접할 수 있는 맛입니다."
5점,2024년 4월 12일,가끔식 생각나는 묘한 맛의 만두와 칼국수와 김치가 맛있음
5점,2021년 8월 1일,넓은 매장임에도 불구하고 언제나 사람이 북적북적한 명동교자. 그럼에도 불구하고 가야 하는 이유는 바로 진한 국물맛의 칼국수와 육즙 팡팡 터지는 만두 그리고 그맛을 뒷받침하는 마늘 김치 ! 한번 먹으면 잊을 수 없는 그 맛..
5점,2021년 1월 28일,"갈때마다 느끼지만 정말 맛있습니다! 
도데체 고기 국물 우러나오는 저 칼국수 국물은 어떻게 우리는지 진짜 남다릅니다 ㅋㅋ 
맛집중에 맛집! 만두나 비빔국수고 평타 이상이지만 무엇보다 칼국수 꼭 두셔 보시길 추천 합니다 !!!"
5점,2024년 8월 13일,"유명한데 다 이유가 있네요~ 
칼국수 만두 콩국수 다 맛있었어요 
특히 겉절이 짱!
바쁘긴 해도 직원분들이 친절하셨어요"
3점,2024년 3월 1일,"그냥...동네 가성비 칼국수가 더 맛있을듯,,
비싸기만하고 양도 부실하다"
3점,2024년 2월 25일,"오랜 기간 변함 없는 한결같은 맛을 유지하는 곳, 김치가 특히나 중독적임"
2점,2020년 9월 20일,2019  1등이라 되어 있길래 기대를 살짝하고 갔었는데 내가 상상한 맛은 아니었다.  원래 기름진걸 좋아하는 성격이 아니라 그런지 국수에서 진득하게 나오는 고기향이 아직도 입가세서 가지 않고 있다. 비빔국수는 맛있었음
5점,2024년 12월 13일,"그때그때 컨디션이 살짝은 다르지만 그래도 명동교자는 명동교자에요. 늘 추억의맛 생각하면서 주변들를때마다 꼭 찾아가서 만족스럽게 식사하고오네요. 
오래 장사해주셔서 감사합니다. ㅎㅎㅎ"
4점,2024년 1월 4일,"명동중심에 위치한 칼국수집 고기육수맛이
진국이구요 근데 사람 진짜 많아서 계속 기다려야되요.."
5점,2022년 6월 21일,"오래전 부터 다니던 칼국수 집입니다.
칼국수를 좋아해서 명동 나가면 거의 들리는 편입니다.
변하지 않는 칼국수와 김치맛 때문이지요.
사리와 밥을 먹고 싶은 많큼 먹을 수 있습니다.
이제 10000원이 되었네요."
5점,2022년 7월 2일,"일본 사람들 사이에서 유명하다고 해서 갔어요. 양이 참 많아요. 칼국수도, 만두도요. 만두가 속이 꽉차있어요.
김치는 마늘이 들어갔는데 저한테는 좀 매웠어요.
번화가에서 든든하게 한 끼 먹을 수 있어서 좋아요"
5점,2022년 7월 26일,"혼밥하기 좋고, 코로나로 줄도 별로 없어서 바로 먹을 수 있습니다. 혼밥하는 사람들이 많고, 혼밥은 1층으로 그외는 윗층으로 안내하네요.
변함없이 맛있어요. 명동에 볼일 보러 갈때 항상 들러서 먹고 갑니다"
4점,2019년 9월 28일,맛있어요! 다만 기본적으로 이정도 칼국수 하는 집은 여기저기 엄청 많은 것 같아요. 비빔은 다른 곳이 더 맛있는 것 같고요. 명동의 비싼 임대료 때문인지 가격이 칼국수치곤 비쌉니다. 가볍게 먹기엔 좋아요!
4점,2019년 8월 27일,전체적으로 칼국수와 만두의 고기가 굉장히 기름집니다 고기 육수 기름진 맛 좋아하시면 추천합니다 김치가 마늘 양념이 많아서 국물에 타 먹기 좋습니다 전 콩국수가 정말 맛있었어요 국물이 진하고 정말 고소합니다
5점,2024년 1월 16일,워낙 유명한 명동교자 본점입니다! 늘 맛이 한결같고 특히 김치가ㅜㅜ너무 맛있어요
3점,2018년 7월 8일,"최근 방문시 국물 컬러가 좀더 짙어졌고 맛이 조금 아주 조오금 변했다고 느꼈습니다
그 전 방문시엔 너무 맛있었던 기억으로 오랜만에 방문이었는데 그때 그맛이 아닌 것은... 그날그날의 컨디션 탓일수도요."
4점,2024년 3월 13일,유명하다는 명동교자 명동 간김에 가보았습니다! 명동에 지점이 여러곳 있어서 그나마 줄 적은 곳으로 가서 먹었고 생각보다 빨리 들어갔습니다! 마늘김치 역시 굿이고 칼국수랑 조합 최고
3점,2023년 11월 11일,"혼밥하기 좋습니다
칼국수 맛있습니다만 한번가본것에 만족합니다
바쁘고 불친절합니다
김치는 마늘 맛이 정말 쎕니다"
3점,2023년 2월 7일,두명이서 칼국수랑 만두 한 판 시켜서 먹었는데 너무 많이 먹어서 칼국수 하나 만두 하나만 시켰어도 될 듯. 너무 맛있지만 테이블 간격이 너무 좁아서 덥고 답답해서 음식 맛이 잘 안 느껴지는 기분.
5점,2018년 6월 18일,소문듣고 점심시간 지나 15시 도착 웨이팅 없이 한가하게 식사 칼국수 동네에서 먹던 멸치국물이 아니라 뭔가 진한게 넘어가는 식감 좋았으며 면도 무척 부드러웠음 만두도 속이 꽉차 육즙이 있어 좋았음
5점,2019년 8월 14일,"김치로 유명한 식당이에요. 마늘맛이 강하게 나는데 맵지 않아서 칼국수, 만두랑 잘 어울려요. 손님이 많고 명동에 있다보니 외국인 관광객도 많아요. 정신없고 어수선한 분위기지만 맛은 정말 좋아요."
4점,2022년 4월 30일,명동의 소문난 맛집 명동교자는 몇년이 지나도 맛이 똑같이 유지되는 귀한 맛집입니다. 간고기와 마늘 가득한 칼국수가 김치와 너무 잘 어울립니다. 밥 추가도 부담없어서 한끼 든든히 먹기 좋습니다.
4점,2021년 11월 4일,"사람이 많아서 다닥다닥 붙어있는 느낌.
오자마자 3층으로 갔는데, 가는길에 엘레베이터가 있으니 그거 타고 가세요. 국수는 조금 새로웠는데 만두는 우리가 아는 그런맛이에요. 그래도 맛있습니다!"
3점,2019년 9월 15일,아 너무 시끄럽고 좁아요. 에어컨은 어찌나 빵빵한지 먹다가 추워서 나왔네요;; 그리고 맛은 기대이하였어요 왜 미슐랭 3년연속 받은거지 싶은 그런 느낌.. 굳이 또 가진 않을듯  웨이팅하느니..
3점,2023년 12월 31일,엄청 특별한 맛은 아니였어요 그냥 기본이 탄탄한 칼국수와 만두였슴 쏘쏘
5점,2023년 9월 12일,"맛도 좋고 음식도 빨리 나옵니다. 줄을 서긴 해야하지만, 회전률이 빨라서 금방 들어갑니다. 저는 2~3분 정도 기다렸어요. 음식도 맛있고 종업원 분들도 친절하시긴합니다만, 테이블간의 간격이 좁고 직원분들이 친절하신것과 별개로 매우 바빠보이셨습니다(피크때 갔어요)."
4점,2020년 5월 17일,옛날부터 자주 가시던 아빠가 우리나라 김치 중 제일 맛있는 김치가 있는 곳이라고 칭찬하는 곳입니다 마늘 맛이 많이나서 호불호가 갈릴순 있지만 저는 좋았고 교자도 육즙이 많아 맛있었습니다
5점,2017년 11월 21일,전분이 들어간 듯한 꾸덕한 칼국수. 만두는 맛있었다 .... 그리고 김치는 맛이 너무 강해서 한 입먹으면 김치맛 밖에 안남... 근데 전체적으로 가격이 너무 비싸다. 재방문 의사 없음.
4점,2023년 9월 12일,"만두 칼국수 맛있음
김치맛은 마늘 맛이 너무 강한데 이게 나중에 생각나서 신기함
유명맛집이라 사람 많아서인지는 몰라도 불친절함"
5점,2023년 12월 5일,관광지이면서 주변 오피스에서도 많이 와서 늘 붐비지만 회전력도 빠른편입니다.
5점,2023년 9월 1일,"일요일 점심에 방문했는데 외국인이 반 이상이더라고요.ㅋㅋㅋ 근데 언제먹어도 참 맛있습니다.
특히 이날은 국물이 전혀 짜지않고 면도 맛있었어요.~ 본점 건물은 3층까지 있더라고요."
3점,2023년 8월 17일,칼국수는 꽤 맛있었는데 대기가 긴 날에는 그렇게까지 기다려서 먹고싶은 맛은 아니었습니다. 만두는 그냥 그랬어요🥹 다음에 간다면 칼국수만 먹을 것 같습니다. 그리고 양 많아요!
4점,2021년 1월 20일,"칼국수는 무난하게 잘 넘어가는 맛이었고, 만두도 평범했다. 비빔국수는 조금 매콤했다. 김치는 마늘 향이 강해 불호였음. 칼국수는 다시 먹어보고 싶지만, 비빔국수는 잘 모르겠다."
5점,2018년 3월 7일,"대박사건 진짜 어디가서 먹기힘든맛 
맛있는맛 
이맛이라면 명동을 갈 만 합니다 
집에서는 이맛 못내죠 
사람은 많지만 가격도 저렴하고 맛있고 냠냠 
다음엔 만두도 먹어보고싶네요"
4점,2021년 4월 18일,"- 명동역 근처에 있어요
- 칼국수 양 많고 국물? 면 리필 가능해요
- 호불호 갈릴 맛인거같아요
- 깨끗한맛은 아니고 불맛 나는 맛이에요
- 만두, 김치가 참 맛있습니다"
4점,2021년 3월 14일,"나도 모르게 먹기 시작해서~~ 
사진을 못 찍었네요 ㅎㅎ

배고파~ 정신없이 먹다가 매콤한 김치에 국수 한 젓가락 환상의 궁합이네요!!  비오는날~  또 생각이 날듯해요!"
5점,2024년 4월 2일,
5점,2022년 8월 1일,"믿고 먹는곳 언제나 사람이 많다. 
마늘왕창 넣은것 같은 김치에 볶음양파맛 가득히나는 칼국수는 언제나 맛있다. 
여름에 별미 콩국수도 아주 고소하고 찐득하니 맛있다."
3점,2022년 4월 5일,"평일 저녁임에도 북적일 정도
칼국수 양은 푸짐, 비빔국수 양은 보통인 편
칼국수 고기고명에서 나는 불맛과, 밑반찬 김치의 알싸한 맛이 인상적
테이블과 좌석이 좁은 편"
5점,2021년 11월 13일,"역시는 역시. 1인 1주문이면. 국물 사리 밥 무한리필. 그니깐 비싼게 아님(많이 먹는 사람일수록)
마늘김치에 뜨거운 칼국수에 땀이 또르륵. 그래서 여름에는 쥐약."
3점,2020년 12월 25일,명동에 오랜 노포. 워낙 유명한데인데다 위치가 명동 한복판이니 잘 될수밖에 없지요. 만두는 기계만두인데 속이 실하다. 칼국수는 양파불맛이 크게 느껴져 마치 짬뽕같다
4점,2022년 7월 24일,"오랜 시간 지나도 칼국수 맛 변하지 않고 항상 맛있네요.
10여년 전 어머니가 어린 저 데리고 갔던 추억도 생각나고, 이 더운 여름에도 먹으러 가게되는 맛.."
4점,2020년 8월 1일,"오래된만큼맛은있어여
가성비좋고 칼국수국물도진하고만두국맛도나고좋네요
만두도피얇고맛있었고..비빔국수는 비추입니다
칼국수랑만두맛있고 마늘김치 자극적이지만 좋았어요"
4점,2017년 12월 6일,"칼국수 맛있습니다... 사리랑 공기밥이 추가됩니다..
파워풀한 양념에 버무린 김치 때문인지 먹고나면 속이 좀 아려요..^^
분기에 한번 정도 생각나는 듯.."
1점,2022년 3월 13일,정말 불친절함 서빙하시는 분 손님한테 소리지르시더라구요 옆에서 보는데 굉장히 불쾌했어요 손님이 보살 ^^; 사람들이 찬양하는 그리 특별한 맛이 있지도 않음
4점,2020년 4월 12일,"맛은 처음 먹어본 칼국수의 맛임
 칼국수를 첫 맛은 
고기 들어간 불짜장 
그래서 단거 좋아하고 기름진거 좋아하는 사람은 추천
담백한맛 좋아하시면 비추천"
2점,2019년 11월 2일,"맛은먹을만합니다
칼국수국물도 만두도 
비빔도 양념도 국물도 맛있어서 손이갑니다
외국인온손님 많고 바빠서 어수선하고
직원들 불친절합니다
저는 다신안갈듯하네요"
4점,2018년 7월 1일,"웨이팅이 많을까바 걱정이 많았는데 딱 웨이팅없던 시간에 가서 잘먹고왔습니다!
김치가 쫌 맵긴했지만 칼국수랑 만두짱!!
나올때는 웨이팅하시더라구요...ㄷㄷㄷ"
5점,2021년 7월 16일,명동교자 오랜만에 방문했는데 여정히 맛있고 사리추가랑 밥추가는 1인 1메뉴 하면 무료라서 좋았가 면사리 추가시 면을 그냥 1인분 추가로 주니 참고하세요
4점,2020년 3월 22일,오래되고 가끔은 생각나는 진정한 노포집. 이젠 입맛이 변해 약간 짜거나 너무 강한 마늘 김치가 부담스럽지만 그래도 가끔 갈수밖에 없는 그런곳 같습니다.
5점,2019년 8월 2일,"30년 넘게 다니지만 변하지 않는 맛, 그리고 마늘 김치가 일품이다. 그런데 중국인이나 일본인들의 명소로 각광받아 식시시간 대에는 줄을 서서 기다림이!"
5점,2023년 11월 27일,웨이팅이 있는 곳이라 그런지 음식이 정말 빨리 나와요. 칼국수는 국물 맛이 특이하고 비빔국수는 자극적이지 않고 고소하니 맛있어요. 만두는 피가 얇고 진짜 맛있어요 만두 무조건 드세요..
4점,2023년 10월 29일,명동교자는꾸준하게 생각나는 맛집.근데 김치가 맵다.. 밥이 무한리필
2점,2023년 8월 2일,"맛은... 진짜 생각보다 좋았다. 그런데 조금만 배려해주면 일행과 나란한 테이블에 앉을 수도 있는데, 서비스 정말 최악이고 기분이 나쁘기까지 하다."
5점,2023년 11월 18일,매번 칼국수만 먹다가 콩국수도 시켜봤는데 진짜 맛있어요
4점,2022년 11월 11일,대기도 많고 사람이 많아서 정신없는 경향이 조금 있지만 회전율 빠르고 음식이 빨리나오고 칼국수 면이 쫄깃해서 맛있어요 칼국수 만두 조합 추천!
5점,2022년 2월 22일,"진한국물과 약간 불맛까지 고기와 만두 
칼국수에 마늘김치까지 한번씩 생각나는 맛이고 무료리필 공기밥과 국수 제공돼서 푸짐해요 여전히 손님 많아요"
5점,2021년 4월 25일,추억의 서울 맛집 매년 가끔 꼭 생각나는 진한 국물맛이에요. 마늘 김치도 한몫하는 곳. 선불 시스템이고 코로나 때문에 칸막이를 잘 해놓았어요.
4점,2023년 9월 25일,"워낙 유명한곳이긴 한데 맛있어요
점심시간 좀 지나서 갔더니 웨이팅없이 먹었어요"
4점,2022년 2월 20일,"껌 달라고 하면 입가심용 껌 주심
마늘 많이들어가서 그런지 구비하고 계신듯? 
칼국수라기보다 마늘 많이들어간 짬뽕 느낌이라고 보면 됨 맛있음"
5점,2024년 7월 18일,"한국에 외국인친구가 온다면 
무조건 1티어 맛집"
4점,2020년 1월 12일,"명동에서 제일 그나마 먹을만한집
칼국수 1 만두 1 시켜 둘이먹으면 적당
김치 너무 생강 마늘맛 강해서 자극적인데
땡기는맛에 계속먹어요"
5점,2019년 12월 9일,"유명한 곳이지만 항상 사람이 많아 한번도 가보지 않다가 처음 방문해봤는데 맛은 생각보다 괜찮았다. 칼국수 국물은 약간 맑은 짬뽕?맛이 나기도 했고 만두도 정말 맛있었다. 
칼국수는 여자 셋이서 칼국수 2그릇 시켜도 될 정도로 많았고 세그릇 시켜서 거의 남겼다.
아무래도 명동이라 가격이 비싸지만 
맛이 생각나서 다음에 한번 더 방문할듯하고
추운날 따뜻한 국물 생각날때 와도 좋을듯하다"
1점,2019년 9월 15일,사람이 진짜 많아서 줄서서 먹었는데 회전율이 좋아서 오래기다리지는 않았어요 근데 가격이 비싼편인데 만두는 진짜 맛있어요 만두는 인정..
3점,2016년 8월 18일,"명동교자만두가 그르케 유명하다고해서, 명동가는길에 가봤습니당.
칼국수시켰는데 만두랑 만두속(갈은고기)가 얹어서 나와요!
만두탕같음~
가격은 8,000원으로 그냥그런 가격?
그래도 밥달라고하면 밥도 주시고,
사리추가도 가능해서 좋았어요!

그리고 회전력도 엄청 빨라서 시키면 빨리나와요.
사람도 빠지고 채워지는속도가 빨랐습니당.

맛은 음....익숙한 짭쪼름한맛이였어요!
먹었을때, 어 이건 중식이네? 이런생각할정도로
많이 익숙한 국물맛

확실히 다른 칼국수집에 비해서 국물맛이 깊긴했어요.
그래도 막 30분 기다려 먹을 맛은아니였습니당..!

와이거 신선해!! 라는 맛보단 
뭔가 우리가 예상할수있는맛이기때문에, 
저는 먹다가 끝에가서 좀 질렸어욬ㅋㅋㅋㅋㅋ

김치는 시원하기보단 짠편!

솔직히 다먹고 식당에서 제공되는 자일리톨이 신의한수입니다!
약간 짠맛이 입안에서 돌아 좀 텁텁해지는데,
그느낌을 식당에서도 알았는지 자일리톨먹으면 해결됨 ㅋㅋㅋㅋㅋㅋㅋㅋ

메뉴는 저것밖에없오요!
메뉴판 혹시 참고하시라고 같이올려드립니당~"
5점,2021년 12월 19일,"사람 엄청 많네요
지나가다 들린곳인데 알고보니 미슐랭 맛집!
전 엄청 맛있었어요 국물도 맛있고 만두도 굳
밥살짝 말아먹으니 잘어울려요"
3점,2020년 1월 19일,"면은 불고 국물은 짜다 좁은 통로까지 사람 앉혀서 다닥다닥 붙어있음 4인석에 모르는 사람까지 합석시킴
명동은 역시 정신없이 밥먹는곳"
4점,2022년 10월 27일,바로 그 명동칼국수집. 명동교자로 상호 바뀜. 사람 언제나 많음. 회전은 엄청 빨라서 줄이 길어도 금방 먹을 수 있음. 술 안 팜
4점,2020년 8월 13일,칼국수는 약간 걸쭉한국물에 부들부들한면~ 술술 넘어간다~ 콩국수도 환상 땅콩이 들어갔는지 넘 고소하고 맛있음. 역시 맛집인정!!!
5점,2019년 9월 21일,첨에 먹었을때 그냥그래도 계속 생각나는 마늘김치. 먹고 나오면 마늘냄새 가득한데 그래도 맛있어. 중독성에 열번도 더간듯해서 5점.
5점,2023년 10월 3일,로봇이 서빙해줌 귀여움 칼국수에 있는 만두는 정말..최고였음
4점,2022년 3월 1일,비빔국수랑 만두 조합이 미쳤어요 맛집은 맛집이네요 근데 막 두고두고 생각날 정도는 아닌거 같고 한번 먹은걸로 만족하는 정도에요
5점,2020년 3월 27일,워낙 유명한 집이라...전 뭣보다 김치가 존맛이라고 생각합니다. 싸진 않지만 맛좋아서 용서..서버 분들이 정말 프로페셔널 해요
5점,2019년 12월 26일,칼국수에 밥까지 말아 싹싹 긁어 먹은 빈그릇을 인증샷으로 남긴다. 다이닝코드 100점 맛집답다! 마늘향가득한 김치는 중독이다!
4점,2018년 11월 6일,국물맛이 깊고 맛있음. 만두는 피가 정말 얇고 육즙이 가득함. 줄이 길지만 회전이 빠른 편이라 생각보다 일찍 들어갈 수 있었음.
4점,2018년 5월 11일,"명성대로 사람이 엄청 많았으나, 11시쯤 방문하여 웨이팅은 없었다. 칼국수와 만두가 왜 유명한지 알 것 같았다. 비빔국수는 쏘쏘"
4점,1월 8일,직원분들도 상냥하고 서비스 좋아요!! 맛있고 특히 칼국수가 진짜 맛있었습니다
5점,2024년 11월 30일,만두와 칼국수를 먹었는데 무엇보다 칼국수 국물이 진짜였습니다. 시끄럽고 정신없긴해도 맛만큼은 최고!
3점,2023년 9월 3일,예전이랑 맛이 좀 달라진 느낌.. 약간 짬뽕맛이? 만두는 이번에 처음 먹었는데 향신료맛이 좀 나서 호불호가 갈릴 것 같습니다
3점,2020년 6월 26일,칼국수 확실히 맛잇습니다. 밥도 말아 먹으면 완성! 김치는 마늘맛이 엄청 쎄서 놀랄 정도입니다. 만두는 감동스럽진 않앗어요.
5점,2020년 8월 22일,"명동교자 처음 가봤네요.
너무 맛있고 국수사리가 추가되기 때문에 저렴하게 푸짐하게 먿을 수 있었어요.
또 먹고싶네요 ㅎㅎ"
5점,2024년 12월 4일,"학교 다닐때 정말 많이 갔던 곳입니다 
칼국수 여전히 맛있네요 
만두는 말할 필요 없이 짱"
5점,2023년 1월 16일,맛은 늘 그렇듯 좋았습니다 그러나 테이블 간격이 너무 좁아요!! 그래도 덕분에 오래 안 기다리고 빨리 먹을 수 있습니다
4점,2020년 1월 19일,말이 필요없는 유명한 곳. 야들야들한 면발과 강렬한 김치맛이 이상하게 종종 생각나는 곳. 사업으로서도 참 대단해보인다.
4점,2019년 4월 13일,칼국수와 만두 모두 깔끔한 맛입니다. 사람이 많으나 회전율이 빨라 오래 기다릴 필요 없고 음식도 금방 나와서 좋습니다.
4점,2023년 1월 26일,고기 칼국수로 국물이 백짬뽕 느낌이 좀 납니다. 사람이 많다보니 서비스가 그리 좋진 않습니다. 그래도 맛은 있어요.
4점,2022년 12월 28일,명성대비 크게 특별한 맛은 아니지만 가끔 생각나는 맛! 특히 비빔국수의 매콤하고 마늘맛 강한 소스가 가끔 생각난다!
5점,2018년 7월 2일,"가격도 저렴하고 인당 메뉴를 시키면 면사리 무한리필이여서 가성비 이득
주문하면 10분내로 모든 음식이 나옴ㅋㅋㅋㅋㅋ"
4점,2023년 7월 1일,사람 많은데 회전율 빨라서 금방 들어갔어요 칼국수 맛있음 김치는 좀 맵고 마늘김치라 입에서 냄새가 계속 났음 ..
4점,2020년 5월 22일,명동교자 오랜만에 가봤어요. 녹진한 국물과 살짝 퍼진 면발. 여전히 맛있더라고요. 마늘 향이 가득한 김치는 굿굿!
5점,2023년 2월 7일,"명동에서 수년째 굳건히 자리를 지키는 명동교자
진한 국물과 야들야들한 면
마늘 맛이 진한 김치까지! 맛있었어요!"
4점,2022년 9월 30일,"정말 오랜만에 다녀왔는데
가격이 많이 오르긴 했지만
칼국수는 맛있어요
특히 마늘 맛이 강한 김치가 정말 맛있어요"
5점,2021년 11월 4일,유명한만큼 칼국수가 정말 맛있습니다. 인원수대로 주문시 면사리가 공짜지만 만두는 제외라는걸 꼭 알고 가세요ㅠㅠ
4점,2021년 8월 1일,또 생각나서 방문했어요 추운날에 이만한 음식 어디 없네요 가성비 최고예요 :) 다음엔 비빔국수도 먹어보고싶네용
4점,2020년 2월 18일,서울시내 최고점을 받은 식당. 어플의 신뢰도를 한층 높이는 계기가 되었음. 김치를 포함해 맛의 특별함이 있음.
5점,2019년 8월 5일,칼국수 사리 육수 밥 리필 다 되는 거 아시죠? 진짜 눈물나게 맛있으니까 사리 추가 밥추가 해서 두 번 드세여ㅠ
4점,2018년 10월 11일,20년 전엔 느끼해서 다시는 안 온다고 했는데. 다시 먹어보니 맛있네요. 내 입맛이 변한건지 국수 맛이 변한건지
5점,2021년 8월 29일,변함없는 맛 믿고 찾을수있는곳! 메뉴도 빨리나오고 비빔국수는 처음시켜봤는데 너무 맵지않고 발란스가 좋았습니다
4점,2020년 9월 6일,왜 평점이 높은지 알겟다 진짜 국물이 진하고 맛잇다 만두 필수 고기가 두둑하니 들어가 잇어 둘의 조합이 좋다
4점,2020년 3월 27일,"예전보다 김치 맛이 많이 싱거워졌다. 
좀 짭짤해서 정말 맛있었는데 아쉽다.
칼국수는 예나 지금이나 맛있음."
4점,2018년 5월 24일,"콩국수 육수가 걸쭉하니 괜찮음. 면도 잘 어울리고, 만두도 육즙이 찐함. 단 가격 대비는 호불호가 있을 듯."
4점,2022년 12월 26일,"칼국수 기깔나게 잘하네요 너무 맛있어요 !
근데 직원들이 너무 불친절 .. 자리도 불편해요 너무 좁아서 ;"
4점,2023년 8월 20일,사람 많다 만두 맛있다 칼국수에서 불맛이 난다 무료로 사리나 밥 추가 가능혀요 인원수 대로 시키면은 ㅋ
5점,2021년 12월 12일,본점은 1층부터 3층까지 매장이고 직원분이 빈자리 안내해주심.. 하얀짬뽕 느낌의 칼국수.. 김치맛남..
5점,2021년 10월 22일,명동 맛집인 명동교자를 가봤습니다! 어릴때 한번가고 오랜만에 갔는데도 맛있더라구요!! 불맛나는 칼국수~
5점,2019년 6월 5일,"점심식사로 먹기 좋고 냉난방이 잘되서 
여름이지만 땀 안흘리고 먹음

고기국물맛이 진함

재방문의사있음"
3점,2022년 3월 18일,양이 엄청 푸짐하다. 둘이서 교자 하나 만두 하나 시켜도 충분할듯. 워낙 유명한 집이고 맛은 무난무난
5점,2021년 11월 28일,이십년넘게 단골 가게인데. 오랜만에 가서 먹어도 너무 맛있다. 콩국수도 국물이 진하고 아주 막있음.
4점,2020년 10월 21일,"명동교자 유명하죠 국물 맛이 일품이에요
대기는 테이블 회전이 좋아 10분 정도 걸리는
것 같습니다♡"
5점,2019년 8월 14일,명동교자 말해 뭐해요ㅠㅠㅠ시끌벅적하지만 음식 맛은 변하지 않아 좋아요!비빔면과 만두의 조합도 꿀입니다
3점,2018년 1월 7일,"맛있는데 대기있고 사람 많아서 정신이 없음
하지만 명돔 갈 때마다 여기감
면이나 밥 달라고하면 주심"
5점,2024년 3월 17일,웨이팅이있지만 금방들어갔어요 면사리가 무료인건 너무좋아요 맛도있고 만족합니당
5점,2022년 6월 6일,"명동하면 다들 떠올리는 유명한 집
만두 칼국수 다 맛있고
김치는 마늘맛 많이나서 호불호 갈릴듯 !"
5점,2020년 1월 20일,언제나 먹어도 너무 맛있어요. 대학생때부터 십년넘게 쭉 가는 집이에요. 혼밥하기도 너무 좋습니다.
2점,2023년 8월 12일,"컵에서 이상한 악취가 났고, 직원과 손님이 욕하며 싸워서 아이들과 외국인 손님들에게 쪽팔렸습니다"
4점,2023년 3월 19일,"칼국수는 어디서도 먹어보지 못한 특별한 맛이었어요
만두는 생각보다 평볌했어요
가격대도 꽤 나갔고"
3점,2021년 5월 2일,명동 시내에 있어 접근성이 좋고 오래된 칼국수집이라 넘 맛나요. 비빔국수도 새콤하고 좋아요. 짱
5점,2020년 5월 9일,저렴하고 맛도 좋아요ㅎㅎ 칼국수에 고기가 들어가있어서 고소하고 만두도 엄청 부드럽고 맛있어요!
4점,2019년 8월 2일,"워낙 이름난 곳이라 개인취향에 따라 판단하면 될 것 같아요.
깊은 맛이 나는 칼국수가 좋네요."
5점,2016년 10월 4일,찾기가 어려워요 포에버 21근처에 있어요. 이 번이 두번째 찾은 건데 맛있습니다 가끔 생각나서 먹고싶어요 만두가 중국만두식로 즙이 많았구요 면이나 국물은 계속 리필됩니다 김치는 마늘 맛이 많이 나지만 그것도 이 집의 매력입니다.
5점,2022년 9월 8일,칼국수 콩국수 다 맛있어요 빨리 먹고 빨리 나가시는.. 청결도는 조금 떨어지는 것 같아요ㅜㅜ
5점,2021년 12월 5일,진짜 맛있어요 ㅎㅎ 막판엔 살짝 느끼하긴 하지만 후식으로 자일리톨껌은 필수! 또 방문예정❤️
4점,2021년 11월 23일,생각했던 칼국수의 맛이 아니네요 김치도 마늘향이 많이나서 중독적입니다 자주 생각날 것 같아요
4점,2020년 3월 30일,몇년만에 방문. 기억했던 것과 달리 맛잇어서 놀람. 김치 마늘은 그대로다. 기분좋게 먹고나옴
4점,2019년 2월 27일,"칼국수, 교자 다 맛있지만, 특히 교자가 정말 맛있어요. 
칼국수는 별점 4점, 교자는 5점"
5점,2017년 10월 6일,"언제와도 한결 같은 맛. 중독성 강한 마늘 김치. 부드러운 칼국수. 연휴에 사람
대박 많음."
5점,2022년 4월 21일,"-칼국수의 근본.
-오히려 만두보다 칼국수가 맛있다.
-밥이랑 국수사리는 무료 추가 가능"
5점,2021년 2월 12일,"인기 많은 맛집, 분업화되어있어서 들어가면 빨리빨리 식사할 수 있어서 좋아요 맛도 좋구요"
4점,2020년 11월 7일,칼국수 오랜맛집. 가격은 조금씩 올리고 양은 줄어들었음. 리필되는데 비빔국수는 리필도안됨
4점,2024년 7월 23일,"친구가 하도 맛있다고 난리여서 갔는데 진짜 맛있긴합니다 먹자마자 반해쒀요,, 지금은 명동가면 꼭들리는 곳이자나요 나만알기 아까운맛"
4점,2023년 3월 9일,맛있긴한데 줄서서 먹을정돈 아니고 전 일하는 아주머니들이 넘 거칠고 불친절하더라구요ㅜㅜ
4점,2019년 4월 1일,음식이 빨리나와서 회전율이 빠르고 칼국수 특유의 마늘향이 시간 지나면 또 생각나는 맛ㅜ
5점,2020년 10월 20일,오래동안 방문하는 명동교자. 칼국수 면이 좀 불어나와서 이번엔 별로였어요 늘 맛있어요
4점,2018년 9월 9일,"음식이 빨리 나옴 
특유의 마늘향이 강한 김치가 맛있음
공기밥 무료로 먹을 수 있음"
5점,2021년 5월 4일,"진한 고기육수에 매콤최강인 겉절이 
명동올때마다 꼬옥 들르게 되는 오랜 맛집이네요"
3점,2023년 3월 8일,"엄~~~~청 넓어서 회전율 빨라용
김치가 맛있고 만두도 맛있어용
친절하진 않은듯"
3점,2020년 11월 8일,칼국수와 김치가 맛있는 곳입니다.항상 웨이팅이 많지만 금방 들어갈 수 있어요.
4점,2020년 3월 13일,칼국수 설명에 닭육수래서 기대했는데 고기? 맛에 묻혀서 별 맛이 안나더라고요 ㅠ
5점,2021년 6월 4일,"여기는 김치가 진짜 대박맛있음 ㅎㅎ
칼국수 아주아주~쫄깃쫄깃♡
사르르♡♡"
5점,2020년 12월 13일,사람은 당연히 많았구요 국물이 걸죽하고 건강에 좋을거같은 맛입니다 맛나요
4점,2020년 2월 6일,외국인들이 많이 오는거 같았어요 사람이 많아요 주문한 음식 다 맛있었어요
5점,2018년 12월 31일,칼국수로 유명한 정말 괜찮은 맛집입니다. 같이 주시는 김치가 매력적이에요
4점,2018년 11월 30일,명동교자는 역시 ㅠ 너무 마싯서요 ㅠ 다음에는 비빔국수 먹으러 갈구에요ㅠ
3점,2023년 8월 3일,명동 쇼핑후 칼국수 만두 맛있게 먹었습니다. 화장실은개선이 필요합니다.
5점,2022년 12월 30일,회전율이 빨라서 금방 먹을 수 있고 머리로 아는 그 맛입니다. 맛있어요
4점,2022년 8월 18일,"국물이 확실히 흔치 않은 맛
맑지만 깊은 느낌
근데 만두가 제일 맛있당"
4점,2021년 12월 30일,옛날에 맛있게 먹었어서 다시 갔는데 생각보다는 쏘쏘 맛있긴 맛있어요!!
5점,2021년 1월 31일,칼국수+마늘김치+밥=최고.. 명동교자는 대적할만한 곳이 없는것 같아요.
5점,2020년 8월 22일,"최애 칼국수 집 입니다
사람들이 정말 많이 오지만 회전률도 정말 높아요"
3점,2020년 5월 6일,"국수가 먹고싶어 방문했습니다.
비빔국수 양념장이 매콤하니 맛있었습니다."
4점,2023년 9월 1일,역시 언제먹어도 맛있어요 교자만두국수가 훌륭했어요 재방문의사 있습니다
5점,2023년 5월 1일,"요새 다시 인기가 많아져서 줄 길어요..
교자는 언제 먹어도 맛나요"
4점,2022년 9월 6일,회전이 빠르고 여긴 김치가 매콤하니 맛있어요. 면도 그냥추가해줘요.
5점,2022년 7월 14일,만두와 칼국수의 조합이 정말 좋고 칼국수의 육즙이 깊어서 색다릅니다.
5점,2021년 11월 29일,말해뭐해.. 명동 가면 그냥 먹어야해여 줄 금방 줄어드니 포기마세요
3점,2020년 7월 2일,여기가 왜 서울맛집 1위인지 모르겟음 ㅋㅋㅋㅋ 너무너무 평범한데...
4점,2020년 1월 11일,가성비가 최고립니다. 들이 가면 칼국수 하나 만두 하나가 적당합니다.
4점,2019년 9월 26일,"만두 맛있어요~ 
칼국수는 고기야채 불맛내서 넣어주네요 맛있었어요."
4점,2019년 3월 7일,부드러운 칼국수면발과 중독성강한 김치가 일품 밥과 면이 리필되어 좋다
5점,2021년 8월 15일,전참시 보고갔는데 정말 맛있네용 칼국수보다 마늘김치가 또 생각나요
4점,2021년 1월 31일,"언제 먹어도 맛있고 양이 많아요!
역시 명동교자는 마늘김치죠!!!"
5점,2023년 6월 26일,"무난히 맛있어요
2인은 2층
3인부터 3층으로 바로 가면 돼요"
5점,2022년 12월 11일,웨이팅이 긴데 금방 줄이 줄어요 칼국수가 불향이 나고 맛있음!!
5점,2022년 11월 1일,미쳤어요 제 최애음식 중 하나 여기 맛집 진짜 존맛 사이드존맛
3점,2021년 10월 11일,"칼국수의 불맛이 너무 강해져서 아쉽지만
김치는 여전히 맛있었다"
5점,2021년 6월 27일,"이제야 와봣는데요 정말 맛있네여 .....
명동하면 명동교자~"
5점,2021년 4월 3일,역시 변하지 않는 맛. 다음에 또 가고싶은 맛. 서비스도 좋아요
5점,2020년 3월 23일,"명동 최고의 맛집.
1인 1김치접시, 빠른 서빙, 정돈된 분위기, 친절한 직원들.
담백한 육수는 언제나 일품이다.

모든게 쉽게 변하는 세상에서 한결같은 맛과 분위기를 제공하는 사장님이 존경스럽다."
5점,2020년 2월 28일,항상 맛있다. 친절한 직원분들 덕에 기분까지 좋은곳. 영원해라
5점,2019년 11월 3일,마늘김치랑 먹으면 대존맛이고 명동갈 일 없어도 있게 만드는 맛
5점,2019년 9월 2일,많은 후기와 리뷰 맛있는 만두국 과 만두 본점의 힘을보요주는군요
3점,2023년 8월 17일,대체 왜 웨이팅을 하는지 이해 안감. 사람이 없을 시간에 갔는데 오래 걸린 것 치고 면을 새로 삶지 않은 듯 팅팅 불었고 고기는 매우 짭짤하고 칼국수랑 안어울림.저게 만원이라니 믿기지 않습니다.
4점,2023년 6월 21일,칼국수 만두 맛있습니다. 겉절이 마늘 많이 들어가서 맛이 강하고 알싸합니다. 명동교자의 매력이죠. 웨이팅 대기 많지만 순환이 빨라 기다릴만 해요. 북적한 식당이라 선불이고 서비스는 기계 같아요.
5점,2023년 1월 16일,워낙 유명한 명동교자입니다 줄서서 들어가야하고 선결제해야해오
5점,2022년 11월 20일,말이 필여없는 칼국수 맛집. 오랜만에 방문이지만 여전히 맛남
5점,2022년 5월 2일,점심시간에 가면 웨이팅이 잠깐 있어요. 칼국수 너무 맛있어요
5점,2021년 2월 7일,최애집 칼국수 핵 맛집! 오래오래 운영해주세요오 평생 갈께요
5점,2023년 8월 18일,콩국수가 진짜 맛있습니다!!! 1-2명은 회전율이  빨라요
3점,2023년 8월 3일,명동성징 방문후 저녁식사 만두와 칼국수 맛있게 먹었습니다.
5점,2022년 9월 20일,"명동교자 말해모해
가격이 많이 올랐지만 대체할 곳이 없음"
3점,2022년 8월 16일,"유명한만큼맛잇어요ㅎㅎ
잘먹고가는듯하ㅣ요
가고싶네요또한번더"
4점,2022년 4월 3일,"선불이에요
맛있어요 명동에서 사람이 제일 많아요
추천드려요"
4점,2022년 1월 8일,사람이 정말 많아요 면 부드럽고 맛있어요 김치가 톡 튀어요
4점,2021년 10월 19일,"추운날 딱임. 
다만 웨이팅이 있을 수 있고 조금 혼잡함."
4점,2020년 7월 8일,사람많고 시끌시끌함. 회전율은 빠른편. 선불계산. 친절함.
4점,2020년 5월 12일,"명동하면 생각나는곳~
마늘향이 강한 김치에 칼국수 한입~"
5점,2019년 12월 2일,너무맛있어요12345678901234567890123456
5점,2019년 5월 16일,"시원하고 담백합니다
만두 최고입니다
계속 생각나는 맛입니다"
4점,2018년 10월 15일,김치가 마늘맛이강해서 매력잇어요 생각나는맛이에요 맛잇어요
5점,2018년 1월 16일,"만두도 국물도 면도 맛있음
칼국수는 리필되며 밥도 무료임"
4점,2022년 8월 9일,언제 먹어도 맛있는 명동교자 여름 별미 콩국수도 맛있다
5점,2020년 11월 9일,"설명이 필요없는 맛집입니다.
작은 공기밥도 무료입니다."
5점,2019년 10월 12일,"만두,   칼국수 비빔국수 존맛 마늘맛 김치가 포인트!"
5점,2019년 3월 3일,명동가서 뭐 먹을까 고민하면 그냥 명동교자가 답이죠잉~
5점,2023년 1월 15일,명동가면 꼭 가서 먹어야하는 명동교자의 칼국수와 만두
4점,2018년 11월 30일,"마늘김치 맛있아요
입냄새나요 흑흑😥😥😥😥😥😥"
5점,2024년 10월 19일,방분했는데 종용해서 좋았어요.ㅎㅎ
3점,2022년 12월 11일,"대기 없이 바로 들어감
짬뽕에서 매운맛을 뺀 맛이라는거에 동의하지만 
불맛은 안 느껴짐 
맛있는 칼국수이지만 대기해서 먹으라면 안 먹을듯"
5점,2021년 5월 1일,"저렴하지는 않지만 주기적으로 생각나는 육고명 얹어진 칼국수와 마늘향 듬뿍 나는 김치의 조화
혼밥하기에도 좋으며 사람은 많지만 회전이 잘된다"
1점,2022년 5월 13일,"칼국수를 시켰는데 양도 적당하고 안에 납작 만두가 들어서 맘에 들었다. 국물향을 맡아보니 약간 중국집 요리에서 나는 기분좋은 기름향이 나는 것도 좋았다. 그런데 국물이 매우 짰다. 나도 나름 짜게 먹는 편인데 짰으니 많이 짠편인 것이다.
케바케인지 원래 그런지 알 수는 없지만 재방문 의사는 없다"
5점,2021년 3월 18일,"말이 필요없다!!! 칼국수로는 따라올 음식점이 없다. 특유의 탄맛이 매력있고, 고기가 잘게 섞여있는 국물은 밥말아먹어도 매우 맛있다. 계절메뉴로 비빔국수나 콩국수도 웬만하전문점 보다 맛있다. 김치는 마늘이 많이 들어가 맵기는 하지만 칼국수와 잘 어울려서 김치만 따로 사가고 싶은 충동을 느낀다!!!!! 유일한 단점은 김치를 먹고나면 입안에서 마늘냄새가 진동을 한다는거??? ㅜㅜ"
4점,2020년 2월 16일,
5점,2018년 6월 15일,"특징 : The Original '명동칼국수' 

대한민국의 전국에 있는 칼국수 식당의 이름을 명동칼국수가 되게 한 바로 그 집으로 현 '명동교자' 임 

진한 닭국물 베이스로 마늘 폭탄 김치와 잘 어울리는 맛의 칼국수임. 

사리 및 공기밥 무료 제공으로 매우 푸짐하게 먹을 수 있습니다. 

명동에 명동교자 두군데가 있으며. 이전에는 많은 대기시간이 필요했는데 옆가게 까지 확장해서 자리를 이전대비해서 두배가량 넓혀서 이전과 같은 대기는 없어진것으로 보이네요. 

처음 보는 분들과의 합석이 당연시 되는 식당이었으나. (예전에는 작은 4인용 식탁만 있었으니) 이제는 1인석도 생기고 2인 테이블도 많아서 예전과 같은 정신 없음은 좀 줄어들었네요. 

김치는 중독성이 있는 맛으로 계속 리필해 주기 때문에 계속 먹고 나오면 다음날 오전까지 입에서 마늘 냄새가 날 수 있습니다. 

칼국수와 더불어 만두도 꽤 맛있습니다

수십년째 같은 맛을 유지하고 있는 집으로 오래된 연륜있는 역사의 식당입니다. 

부모님대에서 자녀들까지 계속 찾게 되는. 
명동을 가면 명동교자에 가느라 다른 식당을 방문하지 못하게 하는 식당입니다."
4점,2022년 10월 13일,"와 10년만에 갔는데 별관이 생겼네요. 가격도 많이 오르구요.. 명동교자 사리나 밥 리필되서 칼국수, 만두 하나씩 주문하면 좋습니더"
5점,2023년 9월 22일,명동에서 가장 맛있는 음식점. 여러 번 가도 생각나는 맛집
5점,2020년 1월 19일,항상 갈때마다 줄을 서야 먹을 수 있는 명동교자 칼국수집. 점심이나 저녁때를 피해서 가면 줄서는건 없을수 있다. 약간 불탄맛의 칼국수집. 매번 갈때마다 항상 맛있게 먹고 온다. 요즘은 관광객들도 많아서 대기하는 사람이 너무 많다.
5점,2023년 5월 18일,"칼국수 국물이맛있고요 비빔국수는
면발색이 초록색이여서 맛있어보여는데
진짜 매콤하고 맛있어요"
4점,2017년 12월 28일,칼국수 존맛이구요 물컵에서 이상한 냄새 나요 전부 다.. 직원분들은 좀 불친절 하십니다
5점,2023년 9월 3일,사람이 너무 많아서 쫒기듯 먹었어요. 오랫만에 갔는데 여전히 인기있는 집… 한그릇에 배고픔은 사라지고 걸쭉한 국물이 포만감을 주는것같아요. 직원분들이 배급하듯이 서빙하는몀은 있어요.그래도 맛있게 먹어서 좋았어요.
5점,2017년 11월 20일,마늘맛 찐하고 짱맛ㅜㅜ 집만 가까웠으면 맨날 먹으러 갈텐데.. 매장은 거의 국수 공장에 가까움. 음식 빨리 나오고 가격싸고 양 많고 그대신 대기 항상 길어서 후루룩 먹고 나와야될 것 같은 분위기. 관광객도 많아요
1점,2020년 2월 15일,"맛을 떠나 두번다시는 가고 싶지 않은 음식점. 대기 손님이 많은 것은 이해를 하지만 먹고 있는 중에 자꾸 와서 다 먹었는지 물어보는 것은 아니지 않나 싶다. 
손님이 돈내고 눈치 보고 음식 먹어야 하니..."
5점,2019년 11월 23일,"정말 맛있었어요 
국물도 깊은맛이고 메뉴도 빨리 나와서 
정말 추천합니다"
1점,2024년 6월 4일,
2점,2018년 11월 20일,인기가 많은 음식점인데 저는 만두는 보통이고 칼국수는 느끼하고 특유의 향이 나길래 잘 못먹었어요 볶은 양파가 들어있는건가요? 저는 살짝 실망했어요 입맛은 개인차이라 제 경우는 맛집이 아니더라고요
4점,2022년 4월 20일,"칼국수 맛은 감칠맛이 강하고 맛있어요.
만두는 평범해요."
5점,2024년 5월 9일,
4점,2020년 10월 4일,"- 선불계산, 음식이 금방나옴, 회전율 높음
- 고기육수베이스의 국수 (일반 동네 칼국수와 비교했을때 기름진 느낌임
- 전통의 강호. 선호도와 상관없이 한번정도는 와서 맛을 느껴봐야할곳"
4점,2019년 1월 13일,만두는 맛이 좋았습니다. 칼국수는 오래 끓였는지 조금 흐물거렸습니다. 가격이 싸다고는 할 수 없을 것 같네요. 종업원 분들이 지치신건지 화가나신 건지 모르겠지만 서비스는 친절했습니다.
4점,2023년 7월 22일,명동오면 꼭 들리는 명교 ~항상 생각난다
3점,2020년 8월 23일,국물호불호가 있을듯 버섯육수느낌 면은 굉장히 미끌거림? 난 맛있게 먹음  만두한판 만원 비쌈 육즙만두보다는 식감있는 고기먹는것같은 만두소 김치는 마늘을 많이넣은김치 맛있다
5점,2018년 8월 20일,"유명할대로 유명한 맛집이니, 별다른 설명이 필요없음.
명성만큼이나 국물, 면발, 김치 어느 하나 빠지는 것이 없음.
특히나 마늘이 잔쯕 배인 김치는,
말 그대로 마약임."
4점,2024년 3월 22일,
5점,2020년 7월 2일,마늘맛 가득 느껴지는 시원한 국물의 감칠맛이 좋다. 비빔면과 함께 시켜 나눠먹으면 좋은 곳. 명동에 가면 의심없이 찾게 되는 맛집. 본점과 분점 맛차이 없음.
5점,2018년 5월 1일,"개인적으로 좋아하는 칼국수 스타일이라 자주 가요! 사리, 국물 리필 가능해서 둘이 가면 칼국수 하나랑 만두 하나 주문 합니다. 가격이 야금야금 오르는 듯ㅋㅋ"
2점,2020년 2월 27일,대체 1위인 이유를 모르겠네요 평범한 칼국수입니다 기름져서 맛있지도 않고 같이나오는 김치도 너무 짜기만해요 시장에서 파는 3천원짜리 칼국수가 더 있있어요
2점,2019년 5월 16일,"예상했던 맛과 너무 다름.
칼국수, 김치에서 너무 심한 마늘맛이 남.
국물이 꾸덕하고 약간 비림.
엄청 시끄럽고 바빠서 그닥 친절하지 않음."
4점,2019년 1월 20일,"음식 굉장히 맛있습니다. 지역맛집 유명맛집이라 관광객, 외국인이 주로 갑니다. 유명식당
특유의 서비스가 제공됩니다. 면사리 리필
가능입니다."
5점,2023년 10월 30일,"주기적으로 생각나는 칼국수 맛. 
마늘 맛이 강한 김치."
5점,2022년 4월 1일,"진한 고기육수, 감칠맛나는 마늘향 가득 겆절이
칼국수 안좋아하는 1인이지만 명동교자는 너무 맛남
본점 맛 유지하는 체인점이 많았으면 좋겠음"
4점,2024년 2월 5일,
5점,2024년 1월 12일,
4점,2021년 9월 20일,칼국수는 맛있는데 만두는 솔직히 잘 모르겠어요 그리고 가격이 좀 비싼게 흠이지만 사리가 무한 리필이라 괜찮은 것 같아요!
3점,2021년 4월 26일,"면도 쫄깃하지 않고 그냥 그렇습니다.

사람들의  평가가 높아서 두번 가봤습니다만 두번다 실망하고 리뷰 올립니다."
5점,2023년 12월 5일,맛있어요
1점,2016년 9월 23일,칼국수. 만두. 비빔국수 등 다 먹어봤음. 짜거나 탄 듯한 맛이 나고 칼국수에 빈번히 고춧가루가 들어가 있음. 남은 국물을 섞거나 남은 국수를 섞거나 그릇이 지저분하거나 등등의 이유일 듯. 중국인들 많이 오는 것을 보면 스타일에는 어울리는 듯
5점,2023년 5월 24일,여기는 같이 먹는 김치가 진짜 맛있어요. 꼭 칼국수에 만두를 같이 먹어줘야 해요.너무 맛있는 집이예요~~
3점,2021년 12월 19일,"만두 (포장) 식은 상태로 먹기 시작했는데 맛이 꽤 괜춘
김치 약간 매움
포장 받으시는 아주머니는 불친절"
5점,2019년 2월 24일,"어머니 뱃속에서부터 먹었던 맛집. 너무많이
알려져서 맛은 그대로지만 종업원분들의 친절함이
사라진거같다."
5점,2019년 2월 17일,예전에 먹었는데 그때도 지금도 참 맛있네요. 칼국수를 별로 안좋아하는데 이건 간이 되서 맛있어요.
5점,2022년 6월 26일,"정말 맛있어요. 배고플 때 가긴 했지만, 가성비 갑입니다. 밥을 계속 리필할 수 있어요. 무료로"
3점,2020년 2월 24일,양파를 많이넣고 볶듯이 만든 칼국수인같아요. 조금느끼하지만 맛있습니다. 명동가면 또먹을수도?
4점,2020년 1월 4일,"무난무난한 칼국수
개인적으론 바지락칼국수를 저 선호해서 제가 선호하는 칼국수는 아니긴 합니다"
5점,2018년 9월 19일,"역시 맛있어요 
김치가 진짜 맛있는거같아요 
둘이가서 만두랑 칼국수 하나 시키면 딱인거같아요"
4점,2023년 11월 6일,
4점,2020년 4월 13일,"딱히 맛이 없어 보이는데 먹어 보니 한 끼
든든하게 챙겨 먹은 것 같네요,맛있어요!"
4점,2019년 3월 28일,"유명한 곳이라 해서 가봤어요
예상외로 좋았어요 별기대 안했는데
일행모두 만족이었어요"
4점,2019년 12월 8일,"오래된 맛집입니다. 사리와 밥이 무료제공되고, 여름 계절 메뉴인 콩국수도 맛있어요"
2점,2019년 12월 24일,맛은 조미료와 후추가 느껴져서 맛있으나 가격이 점점 사악해져서 안가게 됨.
5점,2019년 6월 28일,"엄마랑 쇼핑하구 간단하게 점심먹기 좋은곳
근데 뭔가 빨리먹어야될거같음"
4점,2023년 9월 28일,
3점,2017년 7월 4일,"어릴적 먹던 그 맛.. 
겉절이의 강한 마늘향은 여전함.. ^^;"
5점,2016년 12월 9일,"야채육수로 내는 칼칼한 맛과
면의 부드러우면서 쫄깃한 면발이 훌륭"
5점,2023년 8월 30일,맛있게 잘 먹구 갑니다!담에 또 올 의향 있어용☺️
4점,2017년 5월 12일,"안먹어봤음 드셔보시길 추천
 데일리로먹긴 자극적
근데 맛있음 근처에 오셨다면 드셔보실만 함 명동 대표메뉴이기도하고 명성만큼 맛도 괜찮음 단, 먹고난 후 엄청난 고춧가루로인한 치아끼임 주의"
4점,2016년 6월 2일,"퀄리티 미침; 진짜 맛난곳. 밥이랑 사리 추가하면 더 주는곳..

하지만 김치많이먹게되면 속쓰리고 만두는 조금 그렇고, 2층이상으로 가면 서비스 질이 많이 떨어짐. 그래서 별 4개요"
4점,2023년 8월 1일,"소문만큼 맛있더라구요
김치가 진짜 맛있어요"
4점,2023년 8월 17일,항상 입맛없을때 가서 먹고 입맛 찾는곳
4점,2022년 4월 16일,주말엔 가지마세요 국수가 불어서
3점,2017년 1월 26일,맛있습니다. 가격 만큼의 값을 합니다. 하지만 유명한 식당입니다. 명동에 갈 일이 있다면 추천합니다. 하지만 명동교자를 가기 위해 명동에 가는 것은 말리고 싶습니다.
3점,2018년 4월 30일,분위기 맛 정말 좋았습니다!
4점,2019년 9월 25일,"잘먹고갑니다 
괜찮네여"
2점,2017년 2월 27일,워낙 유명한 곳. 칼국수는 우리 입맛의 칼국수는 아니다. 살짝 단맛과 불맛이 어우러진 일본식 느낌이다. 명동에서 쇼핑하다 허기진 배를 채우기 그만인 집
3점,2019년 7월 3일,걍 적당한 정도
1점,2016년 7월 17일,"유명하다기에 
만두 포장해왔는데
솔직히 하나 당 천원이라기엔
크기,맛 둘 중 하나도 맘에 들지 않네요
최근 사먹은 음식 중 젤 효용낮ㅠㅠ"
5점,2023년 5월 26일,
5점,2021년 12월 12일,
4점,2020년 11월 9일,
5점,2020년 7월 6일,
2점,2019년 6월 15일,
5점,2019년 5월 11일,
5점,2018년 11월 10일,
5점,2018년 9월 24일,
4점,2018년 8월 24일,
3점,2018년 6월 13일,
5점,2017년 12월 27일,
4점,2017년 10월 22일,
4점,2017년 7월 7일,
4점,2016년 8월 1일,"처음 가봤는데 색다른 맛이네요. 중식같은 맛이
나요. 만두도 맛있었고. 그냥 딱 별 네개 정도요."
5점,2016년 10월 4일,정말 오랜만에 가봤는데 맛은 그대로더군요. 인생칼국수집입니다. 만두속이 이렇게 알찰수가...
5점,2017년 2월 19일,"칼국수의 지존 아빠에서 아들로 대를 이어 있는 가게
30년 째 즐겨먹는 명칼!"
5점,2017년 1월 30일,먹었던 만두중 단연 으뜸 ㅎㅎ
3점,2016년 8월 23일,이제 줄 안서도 될까?
4점,2017년 3월 12일,
5점,2017년 2월 23일,
4점,2017년 2월 12일,
4점,2017년 1월 16일,
5점,2016년 8월 30일,
4점,2016년 8월 9일,
5점,2016년 7월 17일,
